Customer ID,Gender,Region,Age,Product Name,Category,Unit Price,Quantity,Total Price,Order Date,Sales Channel,
CUST0268,Male,North,,Monitor,Electronics,300,5,1500,12/8/2023,Online,
CUST0046,Male,West,22,Headphones,Accessories,100,2,200,4/9/2023,Online,
CUST0169,Female,South,54,Monitor,Electronics,300,1,300,8/28/2023,Marketplace,
CUST0002,Male,North,23,Headphones,Accessories,100,5,500,1/18/2023,Retail Store,
CUST0173,Female,South,,Laptop,Electronics,1500,3,4500,1/19/2023,Retail Store,
CUST0147,Male,North,64,Smartwatch,Wearables,200,2,400,1/11/2023,Retail Store,
CUST0262,Male,East,27,Smartwatch,Wearables,200,1,200,10/23/2023,Online,
CUST0159,Female,South,18,Keyboard,Accessories,50,2,100,6/15/2023,Online,
CUST0046,Female,East,22,Mouse,Accessories,30,1,30,2/25/2023,Corporate Sales,
CUST0023,Male,West,29,Headphones,Accessories,100,3,300,4/23/2023,Online,
CUST0201,Female,East,49,Headphones,Accessories,100,2,200,6/1/2023,Online,
CUST0283,Female,West,67,Mouse,Accessories,30,3,90,9/13/2023,Online,
CUST0199,Female,West,41,Keyboard,Accessories,50,5,250,2/17/2023,Retail Store,
CUST0039,Male,South,60,Keyboard,Accessories,50,4,200,12/10/2023,Retail Store,
CUST0276,Male,West,66,Mouse,Accessories,30,1,30,6/29/2023,Online,
CUST0143,Female,,36,Smartwatch,Wearables,200,3,600,7/14/2023,Retail Store,
CUST0139,Male,North,57,Laptop,Electronics,1500,4,6000,5/13/2023,Corporate Sales,
CUST0210,Male,South,30,Smartphone,Electronics,800,2,1600,6/9/2023,Retail Store,
CUST0293,Female,East,32,Smartwatch,Wearables,200,5,1000,6/21/2023,Corporate Sales,
CUST0049,Female,West,59,Monitor,Electronics,300,4,1200,11/26/2023,Marketplace,
CUST0283,Female,East,67,Smartphone,Electronics,800,5,4000,11/8/2023,Online,
CUST0196,Female,South,37,Mouse,Accessories,30,3,90,12/27/2023,Retail Store,
CUST0050,Male,North,,Mouse,Accessories,30,3,90,6/6/2023,Corporate Sales,
CUST0007,Female,East,52,Headphones,Accessories,100,2,200,10/28/2023,Marketplace,
CUST0242,Male,North,58,Smartphone,Electronics,800,4,3200,12/30/2023,Marketplace,
CUST0042,Female,South,57,Keyboard,Accessories,50,1,50,12/4/2023,Retail Store,
CUST0264,Male,East,59,Smartphone,Electronics,1658.432327,2,1600,2/1/2023,Retail Store,
CUST0053,Female,North,25,Smartwatch,Wearables,200,1,200,8/14/2023,Marketplace,
CUST0154,Female,East,31,Smartphone,Electronics,800,1,800,12/7/2023,Online,
CUST0190,Male,North,28,Keyboard,Accessories,50,4,200,6/28/2023,Online,
CUST0038,Female,East,57,Monitor,Electronics,300,2,600,11/17/2023,Corporate Sales,
CUST0288,Female,South,,Laptop,Electronics,1500,4,6000,1/25/2023,Online,
CUST0124,Female,South,53,Monitor,Electronics,300,2,600,9/5/2023,Marketplace,
CUST0298,Female,South,58,Headphones,Accessories,100,5,500,9/17/2023,Marketplace,
CUST0211,Female,South,35,Mouse,Accessories,30,3,90,12/25/2023,Marketplace,
CUST0060,Male,North,41,Laptop,Electronics,1500,4,6000,1/14/2023,Online,
CUST0284,Female,West,64,Monitor,Electronics,300,1,300,8/1/2023,Corporate Sales,
CUST0282,Male,North,,Smartphone,Electronics,800,2,1600,2/12/2023,Online,
CUST0205,Female,South,43,Monitor,Electronics,300,2,600,5/18/2023,Corporate Sales,
CUST0222,Female,,61,Smartphone,Electronics,800,2,1600,10/3/2023,Online,
CUST0299,Male,East,58,Keyboard,Accessories,50,2,100,8/30/2023,Marketplace,
CUST0064,Male,West,61,Monitor,Electronics,300,1,300,9/15/2023,Marketplace,
CUST0073,Male,East,19,Keyboard,Accessories,50,4,200,2/14/2023,Retail Store,
CUST0154,Male,North,31,Keyboard,Accessories,50,3,150,2/27/2023,Online,
CUST0081,Male,North,38,Monitor,Electronics,300,1,300,8/13/2023,Online,
CUST0247,Male,East,44,Headphones,Accessories,100,2,200,5/9/2023,Retail Store,
CUST0130,Male,East,68,Monitor,Electronics,300,2,600,12/23/2023,Marketplace,
CUST0178,Male,West,44,Smartwatch,Wearables,200,3,600,10/28/2023,Online,
CUST0131,Female,West,67,Laptop,Electronics,1500,4,6000,9/1/2023,Retail Store,
CUST0070,Male,West,23,Monitor,Electronics,300,3,900,4/16/2023,Online,
CUST0122,Male,West,68,Headphones,Accessories,100,2,200,12/13/2023,Corporate Sales,
CUST0168,Female,East,42,Monitor,Electronics,300,4,1200,3/27/2023,Marketplace,
CUST0176,Male,South,51,Laptop,Electronics,1500,2,3000,11/16/2023,Corporate Sales,
CUST0064,Female,West,61,Laptop,Electronics,1500,2,3000,6/14/2023,Marketplace,
CUST0125,Female,South,46,Smartphone,Electronics,800,5,4000,1/26/2023,Retail Store,
CUST0165,Female,West,49,Keyboard,Accessories,50,4,200,12/25/2023,Marketplace,
CUST0057,Male,North,62,Keyboard,Accessories,50,4,200,9/29/2023,Marketplace,
CUST0207,Male,South,54,Laptop,Electronics,1500,1,1500,3/14/2023,Retail Store,
CUST0167,Female,North,67,Headphones,Accessories,100,2,200,12/14/2023,Marketplace,
CUST0006,Male,South,52,Laptop,Electronics,1500,5,7500,9/17/2023,Online,
CUST0041,Male,East,64,Smartphone,Electronics,800,4,3200,8/8/2023,Retail Store,
CUST0112,Male,North,33,Monitor,Electronics,300,4,1200,4/12/2023,Retail Store,
CUST0244,Female,West,24,Headphones,Accessories,100,3,300,2/21/2023,Retail Store,
CUST0218,Male,East,36,Headphones,Accessories,100,2,200,11/3/2023,Corporate Sales,
CUST0073,Male,North,19,Monitor,Electronics,300,5,1500,1/16/2023,Corporate Sales,
CUST0083,Male,East,28,Monitor,Electronics,300,1,300,1/3/2024,Marketplace,
CUST0065,Female,East,,Headphones,Accessories,100,2,200,2/5/2023,Retail Store,
CUST0096,Female,,61,Smartphone,Electronics,800,4,3200,2/7/2023,Marketplace,
CUST0060,Male,South,41,Keyboard,Accessories,50,4,200,4/3/2023,Online,
CUST0045,Male,East,21,Mouse,Accessories,30,1,30,10/23/2023,Retail Store,
CUST0296,Female,North,50,Keyboard,Accessories,50,2,100,7/25/2023,Online,
CUST0261,Male,West,48,Laptop,Electronics,1500,5,7500,10/1/2023,Marketplace,
CUST0077,Male,South,50,Keyboard,Accessories,50,5,250,3/19/2023,Corporate Sales,
CUST0227,Female,West,54,Keyboard,Accessories,50,4,200,10/5/2023,Marketplace,
CUST0284,Female,North,64,Keyboard,Accessories,50,3,150,4/11/2023,Online,
CUST0245,Male,North,63,Mouse,Accessories,30,1,30,9/11/2023,Retail Store,
CUST0133,Female,North,47,Smartphone,Electronics,800,1,800,10/28/2023,Marketplace,
CUST0179,Male,North,45,Keyboard,Accessories,50,2,100,3/16/2023,Retail Store,
CUST0022,Female,North,33,Smartwatch,Wearables,200,2,400,11/21/2023,Corporate Sales,
CUST0269,Female,East,64,Laptop,Electronics,1500,5,7500,12/3/2023,Corporate Sales,
CUST0181,Male,East,59,Smartwatch,Wearables,200,3,600,2/8/2023,Corporate Sales,
CUST0170,Female,South,40,Mouse,Accessories,30,5,150,12/22/2023,Retail Store,
CUST0182,Male,West,,Monitor,Electronics,300,5,1500,10/24/2023,Marketplace,
CUST0219,Male,,48,Mouse,Accessories,62.19121225,2,60,8/20/2023,Retail Store,
CUST0037,Male,West,51,Keyboard,Accessories,103.6520204,4,200,5/20/2023,Retail Store,
CUST0006,Female,West,52,Monitor,Electronics,300,3,900,2/18/2023,Marketplace,
CUST0125,Female,West,46,Mouse,Accessories,30,4,120,1/3/2024,Corporate Sales,
CUST0006,Male,North,52,Smartwatch,Wearables,200,1,200,8/2/2023,Corporate Sales,
CUST0091,Female,South,30,Mouse,Accessories,30,1,30,4/19/2023,Marketplace,
CUST0064,Male,North,61,Smartphone,Electronics,800,5,4000,6/29/2023,Retail Store,
CUST0286,Female,North,63,Laptop,Electronics,1500,1,1500,3/8/2023,Retail Store,
CUST0288,Male,West,55,Headphones,Accessories,100,2,200,7/4/2023,Corporate Sales,
CUST0019,Female,East,69,Keyboard,Accessories,50,1,50,4/23/2023,Online,
CUST0236,Male,East,18,Keyboard,Accessories,50,2,100,3/24/2023,Online,
CUST0159,Male,West,18,Keyboard,Accessories,50,5,250,9/11/2023,Online,
CUST0251,Male,North,42,Mouse,Accessories,30,2,60,2/2/2023,Retail Store,
CUST0159,Male,North,18,Headphones,Accessories,100,1,100,8/13/2023,Retail Store,
CUST0064,Male,West,61,Monitor,Electronics,300,4,1200,5/23/2023,Corporate Sales,
CUST0099,Female,South,26,Laptop,Electronics,1500,4,6000,8/12/2023,Online,
CUST0228,Male,North,25,Smartphone,Electronics,800,4,3200,1/24/2023,Corporate Sales,
CUST0024,Female,East,57,Smartwatch,Wearables,200,2,400,12/8/2023,Corporate Sales,
CUST0113,Male,South,38,Smartphone,Electronics,800,2,1600,9/14/2023,Corporate Sales,
CUST0192,Female,North,58,Smartwatch,Wearables,200,4,800,11/12/2023,Marketplace,
CUST0153,Female,East,40,Monitor,Electronics,300,1,300,6/21/2023,Online,
CUST0057,Female,East,62,Keyboard,Accessories,50,5,250,1/3/2024,Online,
CUST0192,Male,,58,Keyboard,Accessories,50,3,150,1/3/2024,Marketplace,
CUST0150,Female,North,63,Laptop,Electronics,1500,3,4500,5/6/2023,Marketplace,
CUST0203,Male,South,33,Mouse,Accessories,30,1,30,1/3/2023,Online,
CUST0163,Female,North,22,Headphones,Accessories,100,3,300,10/12/2023,Marketplace,
CUST0203,Female,East,33,Laptop,Electronics,1500,3,4500,6/26/2023,Corporate Sales,
CUST0223,Female,,20,Mouse,Accessories,62.19121225,2,60,5/26/2023,Retail Store,
CUST0266,Male,North,,Mouse,Accessories,30,5,150,11/8/2023,Corporate Sales,
CUST0227,Male,West,54,Smartphone,Electronics,800,3,2400,12/7/2023,Online,
CUST0289,Male,West,37,Laptop,Electronics,1500,5,7500,7/6/2023,Marketplace,
CUST0046,Female,South,22,Laptop,Electronics,1500,3,4500,6/20/2023,Retail Store,
CUST0173,Male,,65,Headphones,Accessories,100,1,100,2/11/2023,Online,
CUST0008,Female,North,,Headphones,Accessories,100,5,500,2/2/2023,Marketplace,
CUST0015,Male,West,58,Headphones,Accessories,100,3,300,3/22/2023,Retail Store,
CUST0002,Male,East,23,Smartphone,Electronics,800,1,800,9/10/2023,Retail Store,
CUST0189,Female,South,38,Mouse,Accessories,30,1,30,2/22/2023,Marketplace,
CUST0137,Male,North,19,Smartphone,Electronics,800,3,2400,5/20/2023,Retail Store,
CUST0139,Male,South,,Smartwatch,Wearables,200,2,400,6/26/2023,Online,
CUST0033,Female,South,,Monitor,Electronics,300,2,600,4/12/2023,Marketplace,
CUST0297,Male,North,61,Monitor,Electronics,300,2,600,10/10/2023,Corporate Sales,
CUST0008,Female,North,18,Keyboard,Accessories,50,3,150,5/29/2023,Online,
CUST0267,Male,North,29,Laptop,Electronics,1500,3,4500,6/1/2023,Online,
CUST0028,Male,,50,Smartwatch,Wearables,200,5,1000,8/22/2023,Marketplace,
CUST0078,Female,North,38,Laptop,Electronics,1500,3,4500,5/10/2023,Marketplace,
CUST0003,Male,North,63,Smartphone,Electronics,800,5,4000,11/6/2023,Retail Store,
CUST0049,Female,North,59,Laptop,Electronics,1500,1,1500,2/6/2023,Online,
CUST0212,Female,North,,Laptop,Electronics,1500,5,7500,11/18/2023,Retail Store,
CUST0146,Male,North,47,Smartphone,Electronics,800,1,800,1/13/2023,Online,
CUST0082,Female,,,Smartwatch,Wearables,200,1,200,4/21/2023,Online,
CUST0036,Female,North,33,Keyboard,Accessories,50,1,50,8/2/2023,Corporate Sales,
CUST0155,Female,North,41,Laptop,Electronics,1500,2,3000,2/2/2023,Online,
CUST0138,Male,North,46,Keyboard,Accessories,50,3,150,3/16/2023,Retail Store,
CUST0201,Female,North,49,Mouse,Accessories,30,2,60,11/3/2023,Retail Store,
CUST0197,Female,West,54,Mouse,Accessories,30,2,60,6/4/2023,Corporate Sales,
CUST0082,Male,West,30,Laptop,Electronics,1500,1,1500,12/4/2023,Retail Store,
CUST0091,Male,East,30,Laptop,Electronics,1500,5,7500,9/26/2023,Marketplace,
CUST0066,Male,West,37,Laptop,Electronics,1500,2,3000,1/18/2023,Corporate Sales,
CUST0026,Female,East,27,Monitor,Electronics,300,1,300,11/23/2023,Retail Store,
CUST0078,Female,West,38,Smartwatch,Wearables,200,4,800,5/3/2023,Retail Store,
CUST0281,Male,West,44,Keyboard,Accessories,50,4,200,8/27/2023,Marketplace,
CUST0299,Male,West,58,Headphones,Accessories,100,5,500,1/16/2023,Corporate Sales,
CUST0053,Female,East,25,Smartwatch,Wearables,200,5,1000,7/25/2023,Marketplace,
CUST0239,Male,North,35,Smartwatch,Wearables,200,1,200,11/18/2023,Corporate Sales,
CUST0069,Male,East,,Headphones,Accessories,100,3,300,12/7/2023,Corporate Sales,
CUST0245,Male,West,63,Mouse,Accessories,30,3,90,5/15/2023,Online,
CUST0258,Female,South,39,Monitor,Electronics,300,4,1200,5/16/2023,Retail Store,
CUST0177,Male,South,29,Smartwatch,Wearables,200,3,600,3/18/2023,Retail Store,
CUST0140,Male,East,,Headphones,Accessories,100,2,200,3/8/2023,Online,
CUST0089,Female,North,27,Mouse,Accessories,30,3,90,9/19/2023,Marketplace,
CUST0168,Female,West,42,Smartphone,Electronics,800,2,1600,9/25/2023,Online,
CUST0176,Male,East,51,Laptop,Electronics,1500,3,4500,10/28/2023,Retail Store,
CUST0089,Female,South,27,Monitor,Electronics,300,3,900,2/21/2023,Retail Store,
CUST0281,Female,West,44,Keyboard,Accessories,50,2,100,8/28/2023,Online,
CUST0044,Male,East,30,Mouse,Accessories,30,5,150,10/28/2023,Online,
CUST0137,Female,South,,Monitor,Electronics,300,5,1500,11/8/2023,Online,
CUST0174,Female,East,68,Laptop,Electronics,1500,1,1500,5/7/2023,Retail Store,
CUST0141,Female,East,58,Mouse,Accessories,30,1,30,10/3/2023,Online,
CUST0202,Male,South,56,Mouse,Accessories,30,3,90,1/5/2023,Online,
CUST0259,Male,West,59,Laptop,Electronics,1500,2,3000,8/22/2023,Marketplace,
CUST0045,Female,East,21,Smartphone,Electronics,800,3,2400,11/7/2023,Online,
CUST0168,Female,West,42,Keyboard,Accessories,50,1,50,6/24/2023,Retail Store,
CUST0027,Female,,36,Keyboard,Accessories,50,5,250,6/6/2023,Marketplace,
CUST0228,Male,South,25,Mouse,Accessories,30,4,120,6/29/2023,Corporate Sales,
CUST0199,Female,South,41,Smartphone,Electronics,800,4,3200,1/18/2023,Retail Store,
CUST0065,Male,North,41,Headphones,Accessories,100,5,500,3/4/2023,Retail Store,
CUST0146,Female,East,47,Laptop,Electronics,1500,3,4500,9/11/2023,Corporate Sales,
CUST0093,Male,North,66,Monitor,Electronics,300,1,300,2/27/2023,Retail Store,
CUST0168,Female,South,42,Monitor,Electronics,300,1,300,11/16/2023,Corporate Sales,
CUST0216,Male,South,53,Smartphone,Electronics,800,2,1600,7/19/2023,Corporate Sales,
CUST0062,Male,West,43,Headphones,Accessories,100,4,400,4/24/2023,Retail Store,
CUST0125,Male,West,46,Smartphone,Electronics,800,5,4000,5/1/2023,Online,
CUST0060,Male,,41,Keyboard,Accessories,50,1,50,6/26/2023,Online,
CUST0056,Female,South,23,Smartwatch,Wearables,200,2,400,1/3/2024,Corporate Sales,
CUST0247,Male,South,44,Smartphone,Electronics,800,1,800,1/19/2023,Marketplace,
CUST0131,Female,East,67,Monitor,Electronics,300,1,300,5/3/2023,Corporate Sales,
CUST0114,Female,West,60,Monitor,Electronics,300,3,900,7/21/2023,Corporate Sales,
CUST0082,Female,,,Smartphone,Electronics,800,4,3200,10/11/2023,Corporate Sales,
CUST0184,Female,West,54,Mouse,Accessories,30,3,90,6/15/2023,Online,
CUST0075,Female,South,56,Monitor,Electronics,300,2,600,8/16/2023,Online,
CUST0142,Male,East,32,Monitor,Electronics,300,1,300,4/14/2023,Online,
CUST0076,Male,East,26,Headphones,Accessories,100,5,500,10/24/2023,Corporate Sales,
CUST0105,Male,East,27,Smartwatch,Wearables,200,5,1000,7/14/2023,Marketplace,
CUST0004,Female,West,65,Keyboard,Accessories,50,3,150,12/6/2023,Online,
CUST0127,Male,North,62,Smartwatch,Wearables,200,2,400,8/31/2023,Retail Store,
CUST0072,Male,South,21,Headphones,Accessories,100,1,100,9/2/2023,Retail Store,
CUST0216,Male,North,53,Smartphone,Electronics,800,4,3200,4/6/2023,Retail Store,
CUST0156,Female,South,57,Smartphone,Electronics,800,4,3200,12/29/2023,Corporate Sales,
CUST0052,Male,North,66,Mouse,Accessories,30,4,120,6/9/2023,Retail Store,
CUST0226,Female,West,,Smartphone,Electronics,800,4,3200,6/14/2023,Corporate Sales,
CUST0270,Female,West,64,Laptop,Electronics,1500,1,1500,7/14/2023,Retail Store,
CUST0269,Male,North,64,Monitor,Electronics,621.9121225,5,1500,4/23/2023,Marketplace,
CUST0183,Female,West,42,Smartphone,Electronics,800,3,2400,10/21/2023,Corporate Sales,
CUST0205,Male,South,43,Keyboard,Accessories,50,2,100,10/9/2023,Retail Store,
CUST0080,Female,East,51,Headphones,Accessories,100,1,100,5/27/2023,Online,
CUST0208,Female,West,57,Laptop,Electronics,1500,1,1500,2/1/2023,Corporate Sales,
CUST0186,Female,West,55,Mouse,Accessories,30,5,150,5/7/2023,Online,
CUST0109,Female,,57,Mouse,Accessories,30,1,30,3/12/2023,Online,
CUST0028,Female,East,50,Headphones,Accessories,100,5,500,11/7/2023,Online,
CUST0083,Male,West,28,Keyboard,Accessories,50,2,100,9/14/2023,Online,
CUST0027,Female,South,36,Monitor,Electronics,300,2,600,3/19/2023,Retail Store,
CUST0203,Female,South,33,Keyboard,Accessories,50,5,250,10/5/2023,Retail Store,
CUST0095,Female,East,,Laptop,Electronics,1500,5,7500,6/18/2023,Corporate Sales,
CUST0204,Male,North,54,Smartphone,Electronics,800,2,1600,3/16/2023,Corporate Sales,
CUST0165,Male,West,49,Keyboard,Accessories,50,1,50,5/23/2023,Corporate Sales,
CUST0269,Male,North,64,Headphones,Accessories,100,3,300,11/24/2023,Retail Store,
CUST0134,Male,North,,Monitor,Electronics,621.9121225,5,1500,8/5/2023,Corporate Sales,
CUST0116,Female,East,,Headphones,Accessories,100,2,200,1/23/2023,Online,
CUST0137,Female,West,19,Smartphone,Electronics,800,3,2400,8/1/2023,Retail Store,
CUST0100,Male,West,29,Keyboard,Accessories,50,2,100,4/14/2023,Corporate Sales,
CUST0282,Male,North,68,Smartwatch,Wearables,200,3,600,6/22/2023,Online,
CUST0094,Male,North,30,Laptop,Electronics,1500,1,1500,4/18/2023,Corporate Sales,
CUST0194,Female,West,61,Mouse,Accessories,62.19121225,1,30,1/28/2023,Marketplace,
CUST0174,Female,North,,Smartphone,Electronics,800,4,3200,5/8/2023,Corporate Sales,
CUST0273,Female,South,,Laptop,Electronics,1500,2,3000,6/7/2023,Marketplace,
CUST0188,Male,North,29,Smartphone,Electronics,800,5,4000,2/24/2023,Corporate Sales,
CUST0109,Male,West,57,Keyboard,Accessories,50,3,150,2/16/2023,Corporate Sales,
CUST0081,Male,West,38,Smartwatch,Wearables,200,3,600,8/7/2023,Retail Store,
CUST0298,Male,North,58,Smartphone,Electronics,800,4,3200,4/4/2023,Retail Store,
CUST0189,Female,East,38,Monitor,Electronics,300,1,300,5/1/2023,Marketplace,
CUST0092,Female,East,32,Smartphone,Electronics,800,3,2400,9/28/2023,Retail Store,
CUST0254,Female,West,,Mouse,Accessories,30,2,60,12/25/2023,Online,
CUST0150,Male,South,63,Headphones,Accessories,100,4,400,5/6/2023,Online,
CUST0264,Female,West,59,Keyboard,Accessories,103.6520204,4,200,8/21/2023,Marketplace,
CUST0105,Male,West,27,Headphones,Accessories,100,3,300,3/13/2023,Online,
CUST0253,Female,West,51,Laptop,Electronics,1500,1,1500,2/28/2023,Online,
CUST0188,Male,West,29,Monitor,Electronics,300,4,1200,7/26/2023,Corporate Sales,
CUST0052,Male,East,66,Monitor,Electronics,300,2,600,7/2/2023,Retail Store,
CUST0204,Male,East,54,Smartwatch,Wearables,200,5,1000,10/17/2023,Online,
CUST0180,Male,East,68,Monitor,Electronics,300,3,900,10/18/2023,Online,
CUST0189,Female,West,,Laptop,Electronics,1500,3,4500,4/6/2023,Retail Store,
CUST0023,Female,South,29,Monitor,Electronics,300,3,900,7/20/2023,Online,
CUST0263,Female,West,40,Smartwatch,Wearables,200,1,200,4/8/2023,Online,
CUST0195,Male,West,48,Keyboard,Accessories,50,3,150,1/8/2023,Retail Store,
CUST0272,Female,West,52,Laptop,Electronics,1500,5,7500,5/13/2023,Corporate Sales,
CUST0256,Male,East,69,Monitor,Electronics,300,4,1200,8/15/2023,Online,
CUST0131,Male,North,67,Smartphone,Electronics,800,4,3200,9/18/2023,Retail Store,
CUST0279,Female,North,59,Mouse,Accessories,30,1,30,2/15/2023,Online,
CUST0250,Female,West,64,Smartwatch,Wearables,200,2,400,11/28/2023,Online,
CUST0012,Male,East,,Mouse,Accessories,30,3,90,7/29/2023,Corporate Sales,
CUST0127,Female,South,62,Smartphone,Electronics,800,4,3200,7/10/2023,Marketplace,
CUST0128,Female,North,52,Monitor,Electronics,621.9121225,3,900,10/25/2023,Marketplace,
CUST0155,Male,West,41,Headphones,Accessories,100,3,300,6/12/2023,Retail Store,
CUST0115,Male,South,53,Headphones,Accessories,100,5,500,7/22/2023,Marketplace,
CUST0115,Male,West,53,Smartwatch,Wearables,200,5,1000,6/25/2023,Retail Store,
CUST0282,Male,East,68,Smartphone,Electronics,800,3,2400,11/29/2023,Marketplace,
CUST0158,Male,West,51,Smartphone,Electronics,800,1,800,10/3/2023,Corporate Sales,
CUST0088,Female,South,66,Laptop,Electronics,1500,1,1500,2/6/2023,Retail Store,
CUST0124,Male,South,53,Monitor,Electronics,300,2,600,5/17/2023,Marketplace,
CUST0055,Female,North,45,Smartwatch,Wearables,200,2,400,9/23/2023,Corporate Sales,
CUST0201,Female,South,49,Laptop,Electronics,1500,3,4500,12/25/2023,Marketplace,
CUST0256,Female,West,69,Mouse,Accessories,30,5,150,2/19/2023,Online,
CUST0055,Male,East,45,Keyboard,Accessories,50,1,50,9/13/2023,Online,
CUST0076,Male,South,26,Monitor,Electronics,300,4,1200,11/5/2023,Corporate Sales,
CUST0273,Male,South,55,Monitor,Electronics,300,3,900,1/15/2023,Online,
CUST0022,Female,,33,Mouse,Accessories,30,1,30,2/27/2023,Online,
CUST0204,Male,East,54,Laptop,Electronics,1500,2,3000,5/11/2023,Retail Store,
CUST0194,Female,South,61,Mouse,Accessories,30,1,30,4/16/2023,Marketplace,
CUST0138,Male,East,46,Smartphone,Electronics,800,4,3200,3/17/2023,Retail Store,
CUST0071,Female,North,46,Mouse,Accessories,30,4,120,4/11/2023,Marketplace,
CUST0044,Female,North,30,Keyboard,Accessories,50,4,200,10/16/2023,Online,
CUST0273,Male,South,55,Headphones,Accessories,100,4,400,10/16/2023,Retail Store,
CUST0196,Female,East,37,Headphones,Accessories,100,4,400,2/22/2023,Marketplace,
CUST0212,Female,East,62,Mouse,Accessories,30,2,60,7/17/2023,Marketplace,
CUST0106,Female,East,,Mouse,Accessories,30,5,150,6/30/2023,Retail Store,
CUST0133,Male,North,47,Headphones,Accessories,100,3,300,7/9/2023,Corporate Sales,
CUST0262,Male,West,27,Mouse,Accessories,30,4,120,5/7/2023,Marketplace,
CUST0280,Female,East,44,Keyboard,Accessories,50,4,200,3/22/2023,Online,
CUST0074,Male,North,36,Smartwatch,Wearables,200,2,400,8/28/2023,Marketplace,
CUST0300,Female,East,,Mouse,Accessories,30,3,90,1/17/2023,Online,
CUST0027,Female,North,36,Laptop,Electronics,1500,4,6000,10/16/2023,Retail Store,
CUST0016,Male,South,61,Smartphone,Electronics,800,1,800,1/10/2023,Marketplace,
CUST0152,Male,South,69,Smartphone,Electronics,800,3,2400,3/25/2023,Online,
CUST0278,Female,East,52,Smartwatch,Wearables,200,3,600,1/29/2023,Online,
CUST0095,Female,South,60,Smartphone,Electronics,800,5,4000,1/19/2023,Retail Store,
CUST0229,Male,West,45,Monitor,Electronics,300,1,300,9/16/2023,Marketplace,
CUST0128,Male,West,52,Monitor,Electronics,300,1,300,7/21/2023,Marketplace,
CUST0032,Female,South,63,Monitor,Electronics,300,5,1500,3/21/2023,Retail Store,
CUST0283,Female,South,67,Keyboard,Accessories,50,5,250,5/3/2023,Marketplace,
CUST0238,Male,West,26,Keyboard,Accessories,50,4,200,1/24/2023,Retail Store,
CUST0051,Male,West,41,Smartwatch,Wearables,200,4,800,1/3/2024,Marketplace,
CUST0144,Female,South,,Smartphone,Electronics,800,5,4000,12/1/2023,Corporate Sales,
CUST0134,Male,South,58,Monitor,Electronics,300,5,1500,5/16/2023,Marketplace,
CUST0129,Male,South,66,Mouse,Accessories,30,2,60,5/7/2023,Online,
CUST0148,Female,West,67,Headphones,Accessories,100,2,200,6/1/2023,Online,
CUST0211,Male,North,35,Smartphone,Electronics,800,5,4000,1/27/2023,Corporate Sales,
CUST0272,Male,South,52,Keyboard,Accessories,50,2,100,9/4/2023,Marketplace,
CUST0092,Female,East,32,Mouse,Accessories,30,5,150,11/6/2023,Online,
CUST0203,Female,,33,Smartwatch,Wearables,200,1,200,9/24/2023,Online,
CUST0109,Male,North,57,Smartwatch,Wearables,200,1,200,9/8/2023,Marketplace,
CUST0204,Female,South,54,Laptop,Electronics,1500,5,7500,8/28/2023,Retail Store,
CUST0291,Male,West,49,Smartwatch,Wearables,200,4,800,3/18/2023,Marketplace,
CUST0153,Female,South,40,Headphones,Accessories,100,5,500,2/2/2023,Retail Store,
CUST0220,Male,North,67,Headphones,Accessories,100,5,500,3/15/2023,Corporate Sales,
CUST0199,Female,North,41,Mouse,Accessories,30,3,90,1/3/2024,Corporate Sales,
CUST0245,Male,West,63,Smartphone,Electronics,800,2,1600,12/27/2023,Online,
CUST0228,Male,North,25,Smartphone,Electronics,800,1,800,9/23/2023,Online,
CUST0106,Male,North,50,Laptop,Electronics,1500,5,7500,6/8/2023,Online,
CUST0174,Male,West,68,Mouse,Accessories,30,4,120,9/13/2023,Retail Store,
CUST0161,Male,West,62,Smartwatch,Wearables,200,3,600,1/3/2023,Online,
CUST0204,Male,South,54,Smartphone,Electronics,800,1,800,7/23/2023,Marketplace,
CUST0062,Male,West,43,Smartwatch,Wearables,200,2,400,10/8/2023,Retail Store,
CUST0114,Male,South,60,Keyboard,Accessories,50,1,50,2/6/2023,Corporate Sales,
CUST0102,Male,West,25,Monitor,Electronics,300,3,900,10/21/2023,Retail Store,
CUST0140,Male,East,50,Smartphone,Electronics,800,1,800,5/25/2023,Online,
CUST0142,Female,South,32,Smartphone,Electronics,800,1,800,4/28/2023,Marketplace,
CUST0016,Male,East,61,Smartphone,Electronics,800,2,1600,10/3/2023,Marketplace,
CUST0023,Male,South,,Keyboard,Accessories,50,5,250,11/1/2023,Online,
CUST0008,Female,West,18,Mouse,Accessories,30,4,120,6/30/2023,Marketplace,
CUST0268,Male,North,21,Monitor,Electronics,300,2,600,8/3/2023,Retail Store,
CUST0162,Male,East,69,Headphones,Accessories,100,1,100,5/26/2023,Retail Store,
CUST0121,Female,West,66,Smartwatch,Wearables,200,5,1000,9/19/2023,Online,
CUST0047,Female,West,41,Smartwatch,Wearables,200,3,600,6/18/2023,Marketplace,
CUST0148,Male,East,67,Keyboard,Accessories,50,5,250,3/3/2023,Corporate Sales,
CUST0251,Female,East,42,Smartphone,Electronics,800,3,2400,11/18/2023,Retail Store,
CUST0028,Female,West,50,Monitor,Electronics,300,1,300,8/5/2023,Retail Store,
CUST0174,Female,East,68,Headphones,Accessories,100,4,400,10/31/2023,Retail Store,
CUST0296,Female,East,50,Smartphone,Electronics,800,5,4000,8/11/2023,Retail Store,
CUST0085,Male,,,Smartphone,Electronics,800,1,800,11/25/2023,Corporate Sales,
CUST0281,Male,West,44,Laptop,Electronics,1500,5,7500,11/21/2023,Online,
CUST0010,Female,East,37,Headphones,Accessories,100,3,300,3/27/2023,Retail Store,
CUST0186,Female,West,55,Laptop,Electronics,1500,1,1500,10/20/2023,Marketplace,
CUST0281,Female,North,44,Laptop,Electronics,1500,2,3000,11/27/2023,Corporate Sales,
CUST0031,Female,East,67,Smartphone,Electronics,800,5,4000,10/22/2023,Retail Store,
CUST0270,Female,East,,Headphones,Accessories,100,3,300,2/10/2023,Marketplace,
CUST0039,Female,North,60,Smartphone,Electronics,800,2,1600,8/11/2023,Retail Store,
CUST0063,Male,South,20,Keyboard,Accessories,50,1,50,8/13/2023,Online,
CUST0097,Female,East,34,Smartwatch,Wearables,200,1,200,5/21/2023,Corporate Sales,
CUST0067,Female,North,19,Laptop,Electronics,1500,4,6000,11/8/2023,Online,
CUST0124,Female,East,,Smartphone,Electronics,800,4,3200,6/17/2023,Corporate Sales,
CUST0284,Female,South,64,Monitor,Electronics,300,3,900,6/17/2023,Retail Store,
CUST0010,Male,West,37,Monitor,Electronics,300,1,300,3/30/2023,Retail Store,
CUST0276,Female,West,66,Monitor,Electronics,300,1,300,11/1/2023,Corporate Sales,
CUST0256,Male,South,69,Smartphone,Electronics,800,3,2400,10/7/2023,Marketplace,
CUST0221,Female,South,33,Mouse,Accessories,30,2,60,10/21/2023,Marketplace,
CUST0062,Female,West,43,Monitor,Electronics,300,3,900,11/2/2023,Retail Store,
CUST0219,Female,South,48,Headphones,Accessories,207.3040408,1,100,1/23/2023,Retail Store,
CUST0053,Male,,25,Keyboard,Accessories,50,3,150,10/18/2023,Online,
CUST0144,Female,South,54,Smartphone,Electronics,800,4,3200,8/7/2023,Retail Store,
CUST0081,Male,South,38,Monitor,Electronics,300,5,1500,1/5/2023,Corporate Sales,
CUST0044,Female,South,30,Monitor,Electronics,300,2,600,7/25/2023,Marketplace,
CUST0055,Female,South,45,Smartwatch,Wearables,200,3,600,11/25/2023,Marketplace,
CUST0272,Male,North,52,Mouse,Accessories,30,3,90,5/18/2023,Online,
CUST0126,Female,South,66,Mouse,Accessories,30,2,60,10/16/2023,Marketplace,
CUST0167,Male,South,67,Smartwatch,Wearables,200,3,600,3/27/2023,Marketplace,
CUST0043,Female,South,22,Mouse,Accessories,30,4,120,10/25/2023,Corporate Sales,
CUST0201,Male,West,49,Monitor,Electronics,300,2,600,9/21/2023,Marketplace,
CUST0237,Male,South,65,Smartwatch,Wearables,200,3,600,1/3/2024,Online,
CUST0028,Female,East,,Laptop,Electronics,1500,1,1500,2/22/2023,Online,
CUST0150,Female,North,63,Monitor,Electronics,300,3,900,8/23/2023,Marketplace,
CUST0247,Male,South,44,Keyboard,Accessories,50,2,100,8/1/2023,Retail Store,
CUST0058,Female,East,42,Monitor,Electronics,300,2,600,8/6/2023,Marketplace,
CUST0281,Male,West,,Laptop,Electronics,1500,4,6000,1/1/2023,Online,
CUST0041,Male,East,64,Smartphone,Electronics,800,4,3200,10/2/2023,Online,
CUST0204,Male,East,54,Monitor,Electronics,300,4,1200,4/29/2023,Corporate Sales,
CUST0095,Female,North,60,Smartwatch,Wearables,200,2,400,7/24/2023,Marketplace,
CUST0272,Female,North,52,Smartwatch,Wearables,200,3,600,9/17/2023,Marketplace,
CUST0069,Male,East,,Monitor,Electronics,300,4,1200,9/26/2023,Corporate Sales,
CUST0202,Male,South,56,Headphones,Accessories,100,4,400,6/7/2023,Online,
CUST0054,Female,North,64,Headphones,Accessories,100,1,100,3/12/2023,Corporate Sales,
CUST0187,Female,East,25,Keyboard,Accessories,50,4,200,10/24/2023,Retail Store,
CUST0065,Male,South,41,Smartphone,Electronics,800,5,4000,12/1/2023,Marketplace,
CUST0019,Male,West,69,Smartwatch,Wearables,200,1,200,8/16/2023,Online,
CUST0054,Female,North,64,Keyboard,Accessories,50,1,50,2/13/2023,Corporate Sales,
CUST0018,Female,,38,Mouse,Accessories,30,2,60,11/28/2023,Online,
CUST0059,Male,North,18,Laptop,Electronics,1500,2,3000,6/22/2023,Retail Store,
CUST0075,Female,South,56,Mouse,Accessories,30,5,150,6/23/2023,Marketplace,
CUST0129,Female,East,66,Smartphone,Electronics,800,3,2400,7/28/2023,Corporate Sales,
CUST0103,Male,North,,Smartphone,Electronics,800,1,800,10/30/2023,Online,
CUST0176,Female,South,51,Laptop,Electronics,1500,3,4500,11/10/2023,Marketplace,
CUST0299,Female,West,58,Smartwatch,Wearables,200,3,600,1/3/2024,Marketplace,
CUST0178,Female,South,44,Smartphone,Electronics,1658.432327,3,2400,6/3/2023,Online,
CUST0138,Female,East,46,Laptop,Electronics,1500,4,6000,6/29/2023,Marketplace,
CUST0152,Male,East,69,Mouse,Accessories,30,1,30,10/6/2023,Marketplace,
CUST0212,Female,West,62,Smartphone,Electronics,800,3,2400,8/1/2023,Corporate Sales,
CUST0208,Female,South,57,Smartwatch,Wearables,200,2,400,5/18/2023,Marketplace,
CUST0026,Male,East,27,Smartphone,Electronics,800,5,4000,5/2/2023,Corporate Sales,
CUST0224,Female,East,57,Smartphone,Electronics,800,1,800,11/20/2023,Marketplace,
CUST0131,Female,West,67,Laptop,Electronics,1500,2,3000,8/10/2023,Retail Store,
CUST0019,Male,North,69,Monitor,Electronics,300,1,300,4/5/2023,Retail Store,
CUST0291,Female,North,49,Mouse,Accessories,30,1,30,4/19/2023,Corporate Sales,
CUST0032,Male,West,63,Laptop,Electronics,1500,3,4500,12/30/2023,Corporate Sales,
CUST0230,Male,South,,Laptop,Electronics,1500,4,6000,11/10/2023,Retail Store,
CUST0285,Female,North,58,Headphones,Accessories,100,1,100,1/14/2023,Marketplace,
CUST0199,Male,North,41,Headphones,Accessories,100,1,100,7/5/2023,Corporate Sales,
CUST0045,Female,East,21,Monitor,Electronics,300,3,900,1/3/2024,Online,
CUST0063,Male,North,20,Monitor,Electronics,300,4,1200,11/6/2023,Marketplace,
CUST0178,Male,East,44,Laptop,Electronics,1500,5,7500,1/20/2023,Marketplace,
CUST0210,Female,North,30,Monitor,Electronics,300,5,1500,5/6/2023,Retail Store,
CUST0105,Female,North,27,Headphones,Accessories,100,2,200,10/21/2023,Corporate Sales,
CUST0198,Male,South,,Monitor,Electronics,300,3,900,12/30/2023,Marketplace,
CUST0241,Female,East,27,Keyboard,Accessories,50,1,50,7/10/2023,Corporate Sales,
CUST0201,Female,West,49,Smartphone,Electronics,800,2,1600,1/3/2024,Corporate Sales,
CUST0052,Male,South,66,Mouse,Accessories,30,4,120,2/5/2023,Corporate Sales,
CUST0258,Female,North,39,Laptop,Electronics,1500,3,4500,2/3/2023,Retail Store,
CUST0123,Male,South,52,Laptop,Electronics,1500,5,7500,11/22/2023,Corporate Sales,
CUST0285,Male,South,,Smartphone,Electronics,800,3,2400,6/3/2023,Retail Store,
CUST0279,Female,West,59,Mouse,Accessories,30,3,90,4/26/2023,Online,
CUST0052,Female,East,66,Headphones,Accessories,100,3,300,3/13/2023,Marketplace,
CUST0200,Female,West,,Laptop,Electronics,1500,5,7500,1/11/2023,Marketplace,
CUST0103,Female,South,23,Keyboard,Accessories,50,5,250,4/10/2023,Online,
CUST0129,Female,North,66,Smartwatch,Wearables,200,5,1000,3/7/2023,Retail Store,
CUST0012,Female,North,28,Laptop,Electronics,1500,1,1500,8/31/2023,Marketplace,
CUST0139,Male,East,57,Smartphone,Electronics,800,2,1600,1/2/2023,Retail Store,
CUST0108,Male,South,,Keyboard,Accessories,50,2,100,10/19/2023,Retail Store,
CUST0196,Male,West,37,Laptop,Electronics,1500,2,3000,1/10/2023,Retail Store,
CUST0007,Male,East,52,Headphones,Accessories,100,3,300,1/16/2023,Online,
CUST0118,Male,West,,Smartwatch,Wearables,200,3,600,7/23/2023,Online,
CUST0227,Female,East,54,Mouse,Accessories,30,5,150,12/4/2023,Retail Store,
CUST0219,Female,South,48,Keyboard,Accessories,50,2,100,4/9/2023,Corporate Sales,
CUST0297,Male,East,61,Monitor,Electronics,300,2,600,4/25/2023,Online,
CUST0098,Female,East,57,Headphones,Accessories,100,4,400,2/28/2023,Corporate Sales,
CUST0284,Female,South,64,Smartwatch,Wearables,200,5,1000,5/9/2023,Corporate Sales,
CUST0137,Female,West,19,Monitor,Electronics,300,5,1500,12/8/2023,Retail Store,
CUST0127,Male,North,62,Headphones,Accessories,100,2,200,11/1/2023,Corporate Sales,
CUST0052,Male,East,66,Mouse,Accessories,30,2,60,6/11/2023,Corporate Sales,
CUST0162,Female,South,69,Smartwatch,Wearables,200,4,800,10/9/2023,Corporate Sales,
CUST0069,Female,East,66,Laptop,Electronics,1500,4,6000,9/23/2023,Retail Store,
CUST0011,Female,West,54,Smartphone,Electronics,1658.432327,2,1600,4/6/2023,Retail Store,
CUST0293,Male,South,32,Laptop,Electronics,1500,3,4500,11/17/2023,Online,
CUST0078,Female,East,38,Monitor,Electronics,300,1,300,2/7/2023,Online,
CUST0290,Female,,37,Headphones,Accessories,100,3,300,9/30/2023,Corporate Sales,
CUST0130,Female,West,68,Smartwatch,Wearables,200,3,600,8/18/2023,Retail Store,
CUST0186,Female,East,55,Smartwatch,Wearables,200,5,1000,1/10/2023,Retail Store,
CUST0164,Male,South,50,Monitor,Electronics,300,3,900,3/16/2023,Corporate Sales,
CUST0024,Female,,57,Monitor,Electronics,300,2,600,9/2/2023,Online,
CUST0006,Female,East,,Smartwatch,Wearables,200,3,600,4/7/2023,Retail Store,
CUST0124,Female,North,53,Monitor,Electronics,300,1,300,8/16/2023,Online,
CUST0060,Female,West,41,Headphones,Accessories,100,5,500,3/15/2023,Corporate Sales,
CUST0046,Female,North,22,Mouse,Accessories,30,1,30,3/3/2023,Retail Store,
CUST0280,Male,South,44,Smartwatch,Wearables,200,4,800,3/3/2023,Corporate Sales,
CUST0012,Male,South,28,Headphones,Accessories,100,3,300,8/10/2023,Marketplace,
CUST0095,Male,East,60,Mouse,Accessories,30,3,90,1/25/2023,Corporate Sales,
CUST0279,Female,,,Mouse,Accessories,30,2,60,9/19/2023,Corporate Sales,
CUST0158,Female,,51,Monitor,Electronics,300,4,1200,9/13/2023,Corporate Sales,
CUST0193,Male,South,64,Keyboard,Accessories,50,4,200,11/6/2023,Retail Store,
CUST0270,Male,East,64,Keyboard,Accessories,50,1,50,5/24/2023,Corporate Sales,
CUST0005,Female,East,56,Mouse,Accessories,30,2,60,2/15/2023,Corporate Sales,
CUST0118,Female,West,23,Smartphone,Electronics,800,2,1600,10/19/2023,Marketplace,
CUST0016,Female,North,61,Keyboard,Accessories,50,1,50,7/28/2023,Retail Store,
CUST0168,Female,South,42,Keyboard,Accessories,50,2,100,2/21/2023,Marketplace,
CUST0091,Male,North,30,Keyboard,Accessories,50,1,50,12/14/2023,Corporate Sales,
CUST0066,Female,West,37,Headphones,Accessories,100,3,300,3/7/2023,Retail Store,
CUST0186,Female,East,55,Mouse,Accessories,30,1,30,5/25/2023,Marketplace,
CUST0130,Female,North,68,Monitor,Electronics,300,3,900,2/9/2023,Corporate Sales,
CUST0274,Female,West,51,Keyboard,Accessories,50,3,150,1/3/2024,Online,
CUST0095,Female,East,60,Monitor,Electronics,300,4,1200,8/20/2023,Marketplace,
CUST0128,Female,East,52,Smartwatch,Wearables,200,5,1000,3/2/2023,Retail Store,
CUST0036,Male,South,,Keyboard,Accessories,50,3,150,5/7/2023,Marketplace,
CUST0016,Female,East,61,Monitor,Electronics,300,1,300,1/14/2023,Marketplace,
CUST0192,Male,South,58,Mouse,Accessories,30,1,30,5/15/2023,Marketplace,
CUST0013,Female,East,55,Keyboard,Accessories,50,4,200,8/13/2023,Online,
CUST0059,Female,East,18,Keyboard,Accessories,50,4,200,8/20/2023,Retail Store,
CUST0065,Female,South,41,Smartphone,Electronics,800,1,800,8/3/2023,Retail Store,
CUST0025,Female,South,56,Headphones,Accessories,100,3,300,11/25/2023,Retail Store,
CUST0160,Female,South,69,Laptop,Electronics,1500,2,3000,10/30/2023,Corporate Sales,
CUST0096,Female,North,61,Smartphone,Electronics,800,5,4000,3/9/2023,Retail Store,
CUST0071,Male,East,46,Smartphone,Electronics,800,2,1600,1/7/2023,Retail Store,
CUST0044,Male,East,30,Smartwatch,Wearables,200,2,400,8/8/2023,Online,
CUST0299,Female,East,58,Smartphone,Electronics,800,5,4000,12/16/2023,Corporate Sales,
CUST0291,Female,South,49,Monitor,Electronics,300,3,900,5/29/2023,Corporate Sales,
CUST0266,Female,North,29,Monitor,Electronics,300,4,1200,9/4/2023,Marketplace,
CUST0184,Female,North,54,Smartphone,Electronics,800,1,800,8/30/2023,Corporate Sales,
CUST0130,Male,West,68,Keyboard,Accessories,50,3,150,2/2/2023,Corporate Sales,
CUST0052,Male,South,66,Monitor,Electronics,300,4,1200,9/12/2023,Online,
CUST0240,Male,East,39,Keyboard,Accessories,50,4,200,12/21/2023,Retail Store,
CUST0054,Male,South,64,Smartphone,Electronics,800,1,800,10/7/2023,Corporate Sales,
CUST0038,Female,North,57,Keyboard,Accessories,50,2,100,11/16/2023,Corporate Sales,
CUST0023,Male,East,,Monitor,Electronics,300,5,1500,10/30/2023,Online,
CUST0183,Male,North,42,Mouse,Accessories,30,5,150,2/21/2023,Corporate Sales,
CUST0012,Male,,28,Monitor,Electronics,300,5,1500,3/12/2023,Corporate Sales,
CUST0136,Female,South,36,Mouse,Accessories,30,5,150,10/17/2023,Online,
CUST0052,Female,South,66,Mouse,Accessories,30,2,60,6/5/2023,Marketplace,
CUST0141,Male,West,58,Monitor,Electronics,300,4,1200,3/3/2023,Marketplace,
CUST0144,Male,South,54,Smartphone,Electronics,800,5,4000,7/12/2023,Corporate Sales,
CUST0156,Female,North,57,Monitor,Electronics,300,1,300,2/5/2023,Corporate Sales,
CUST0199,Male,West,,Smartphone,Electronics,800,3,2400,9/22/2023,Retail Store,
CUST0197,Male,North,54,Laptop,Electronics,1500,4,6000,7/12/2023,Corporate Sales,
CUST0196,Female,West,37,Laptop,Electronics,1500,1,1500,11/6/2023,Retail Store,
CUST0243,Female,West,58,Headphones,Accessories,100,5,500,8/13/2023,Marketplace,
CUST0182,Male,South,19,Smartphone,Electronics,800,4,3200,1/23/2023,Corporate Sales,
CUST0296,Female,South,50,Monitor,Electronics,300,4,1200,10/7/2023,Corporate Sales,
CUST0296,Female,West,50,Mouse,Accessories,30,1,30,11/15/2023,Online,
CUST0264,Female,West,59,Monitor,Electronics,300,3,900,12/26/2023,Corporate Sales,
CUST0136,Female,West,,Mouse,Accessories,30,5,150,11/11/2023,Marketplace,
CUST0010,Male,West,,Headphones,Accessories,100,5,500,4/21/2023,Corporate Sales,
CUST0131,Male,West,67,Keyboard,Accessories,50,5,250,5/18/2023,Retail Store,
CUST0252,Male,West,55,Headphones,Accessories,100,5,500,5/16/2023,Corporate Sales,
CUST0294,Female,East,49,Mouse,Accessories,30,5,150,9/11/2023,Retail Store,
CUST0253,Male,West,51,Smartphone,Electronics,800,5,4000,6/12/2023,Online,
CUST0289,Female,North,37,Mouse,Accessories,30,4,120,1/3/2024,Corporate Sales,
CUST0126,Female,North,66,Smartphone,Electronics,800,1,800,9/26/2023,Online,
CUST0024,Female,South,57,Laptop,Electronics,1500,1,1500,11/22/2023,Online,
CUST0058,Male,East,,Laptop,Electronics,1500,4,6000,7/10/2023,Corporate Sales,
CUST0170,Male,West,40,Keyboard,Accessories,50,2,100,11/23/2023,Retail Store,
CUST0064,Female,East,61,Laptop,Electronics,1500,3,4500,10/28/2023,Corporate Sales,
CUST0043,Male,North,22,Keyboard,Accessories,50,4,200,1/5/2023,Retail Store,
CUST0103,Male,North,23,Smartwatch,Wearables,200,5,1000,11/15/2023,Online,
CUST0032,Male,North,63,Mouse,Accessories,30,4,120,3/11/2023,Marketplace,
CUST0182,Male,West,19,Mouse,Accessories,30,1,30,8/31/2023,Corporate Sales,
CUST0076,Male,North,26,Headphones,Accessories,100,2,200,12/12/2023,Marketplace,
CUST0215,Female,North,35,Monitor,Electronics,300,5,1500,1/22/2023,Retail Store,
CUST0105,Male,South,27,Keyboard,Accessories,50,5,250,12/31/2023,Corporate Sales,
CUST0295,Female,East,26,Smartphone,Electronics,800,5,4000,12/31/2023,Marketplace,
CUST0002,Female,South,23,Keyboard,Accessories,50,5,250,8/18/2023,Marketplace,
CUST0283,Female,East,67,Laptop,Electronics,1500,1,1500,6/25/2023,Corporate Sales,
CUST0047,Female,West,41,Laptop,Electronics,1500,1,1500,10/21/2023,Marketplace,
CUST0153,Male,West,,Mouse,Accessories,30,2,60,11/21/2023,Corporate Sales,
CUST0047,Male,East,41,Headphones,Accessories,207.3040408,2,200,4/23/2023,Marketplace,
CUST0269,Male,East,64,Monitor,Electronics,300,4,1200,9/9/2023,Online,
CUST0022,Male,North,,Laptop,Electronics,1500,2,3000,4/15/2023,Corporate Sales,
CUST0106,Female,East,50,Smartphone,Electronics,800,3,2400,6/26/2023,Online,
CUST0284,Male,South,64,Headphones,Accessories,100,2,200,6/3/2023,Online,
CUST0149,Male,South,40,Laptop,Electronics,1500,1,1500,5/20/2023,Marketplace,
CUST0068,Male,East,64,Smartwatch,Wearables,200,3,600,4/7/2023,Retail Store,
CUST0289,Female,East,37,Smartwatch,Wearables,200,5,1000,11/18/2023,Online,
CUST0247,Male,South,44,Laptop,Electronics,1500,3,4500,5/1/2023,Online,
CUST0295,Male,West,26,Laptop,Electronics,1500,3,4500,5/27/2023,Online,
CUST0236,Male,West,18,Laptop,Electronics,1500,2,3000,1/23/2023,Retail Store,
CUST0148,Male,West,,Keyboard,Accessories,50,4,200,10/8/2023,Retail Store,
CUST0122,Male,North,68,Headphones,Accessories,100,4,400,11/29/2023,Online,
CUST0246,Female,South,64,Monitor,Electronics,300,3,900,9/29/2023,Retail Store,
CUST0282,Male,North,68,Laptop,Electronics,1500,4,6000,11/7/2023,Retail Store,
CUST0204,Male,West,54,Headphones,Accessories,100,5,500,10/20/2023,Retail Store,
CUST0053,Male,North,25,Laptop,Electronics,1500,4,6000,9/18/2023,Corporate Sales,
CUST0036,Male,,33,Smartphone,Electronics,800,4,3200,7/23/2023,Online,
CUST0085,Male,West,18,Smartphone,Electronics,800,5,4000,5/2/2023,Retail Store,
CUST0071,Female,South,,Headphones,Accessories,100,1,100,12/4/2023,Corporate Sales,
CUST0248,Male,East,67,Monitor,Electronics,300,1,300,8/27/2023,Marketplace,
CUST0088,Female,West,66,Headphones,Accessories,100,5,500,6/8/2023,Marketplace,
CUST0020,Female,North,55,Monitor,Electronics,300,1,300,10/26/2023,Retail Store,
CUST0274,Female,East,51,Laptop,Electronics,1500,5,7500,1/7/2023,Online,
CUST0196,Male,East,37,Smartwatch,Wearables,200,5,1000,4/23/2023,Retail Store,
CUST0022,Male,,33,Smartphone,Electronics,800,3,2400,9/12/2023,Marketplace,
CUST0211,Male,West,,Keyboard,Accessories,50,1,50,1/28/2023,Online,
CUST0152,Female,South,69,Smartwatch,Wearables,200,3,600,7/16/2023,Online,
CUST0042,Male,East,57,Smartwatch,Wearables,200,5,1000,1/4/2023,Marketplace,
CUST0235,Male,East,19,Headphones,Accessories,100,5,500,4/8/2023,Corporate Sales,
CUST0206,Male,South,43,Laptop,Electronics,1500,5,7500,5/3/2023,Corporate Sales,
CUST0103,Female,,23,Mouse,Accessories,30,2,60,7/15/2023,Retail Store,
CUST0179,Male,North,45,Smartphone,Electronics,800,4,3200,9/28/2023,Online,
CUST0157,Female,East,48,Keyboard,Accessories,50,4,200,5/22/2023,Retail Store,
CUST0272,Male,South,52,Mouse,Accessories,30,3,90,3/30/2023,Online,
CUST0071,Female,South,46,Headphones,Accessories,100,5,500,8/2/2023,Marketplace,
CUST0268,Male,North,21,Keyboard,Accessories,50,3,150,5/20/2023,Online,
CUST0017,Female,West,36,Keyboard,Accessories,50,5,250,12/17/2023,Online,
CUST0221,Male,West,33,Monitor,Electronics,300,3,900,11/1/2023,Marketplace,
CUST0207,Male,West,54,Headphones,Accessories,100,2,200,1/3/2024,Corporate Sales,
CUST0077,Male,East,50,Monitor,Electronics,300,3,900,1/8/2023,Marketplace,
CUST0253,Female,East,51,Headphones,Accessories,100,4,400,9/25/2023,Online,
CUST0253,Female,East,51,Keyboard,Accessories,50,3,150,4/18/2023,Marketplace,
CUST0225,Female,North,,Smartwatch,Wearables,200,1,200,2/19/2023,Online,
CUST0091,Female,West,30,Headphones,Accessories,100,1,100,6/1/2023,Corporate Sales,
CUST0142,Female,South,32,Keyboard,Accessories,50,5,250,6/28/2023,Corporate Sales,
CUST0142,Female,South,32,Monitor,Electronics,300,1,300,4/24/2023,Online,
CUST0032,Male,North,63,Smartphone,Electronics,800,2,1600,12/8/2023,Corporate Sales,
CUST0011,Male,West,54,Keyboard,Accessories,50,1,50,11/4/2023,Marketplace,
CUST0204,Male,West,54,Laptop,Electronics,3109.560612,5,7500,4/18/2023,Corporate Sales,
CUST0068,Male,East,64,Smartwatch,Wearables,200,2,400,9/24/2023,Retail Store,
CUST0222,Female,East,61,Mouse,Accessories,30,2,60,11/13/2023,Corporate Sales,
CUST0145,Male,East,51,Laptop,Electronics,1500,1,1500,10/10/2023,Retail Store,
CUST0083,Female,South,28,Laptop,Electronics,1500,1,1500,2/17/2023,Marketplace,
CUST0158,Female,North,51,Headphones,Accessories,100,3,300,3/20/2023,Corporate Sales,
CUST0063,Female,North,20,Laptop,Electronics,1500,5,7500,10/28/2023,Corporate Sales,
CUST0249,Male,South,33,Monitor,Electronics,300,5,1500,1/16/2023,Corporate Sales,
CUST0012,Male,West,28,Monitor,Electronics,300,2,600,2/11/2023,Marketplace,
CUST0038,Male,East,57,Monitor,Electronics,300,2,600,12/18/2023,Marketplace,
CUST0216,Female,West,53,Keyboard,Accessories,50,5,250,9/1/2023,Retail Store,
CUST0172,Female,South,56,Monitor,Electronics,300,5,1500,7/20/2023,Online,
CUST0048,Male,North,34,Monitor,Electronics,300,2,600,9/23/2023,Marketplace,
CUST0260,Male,East,32,Monitor,Electronics,300,2,600,7/14/2023,Corporate Sales,
CUST0063,Male,North,20,Smartwatch,Wearables,200,4,800,6/14/2023,Retail Store,
CUST0218,Male,,36,Laptop,Electronics,1500,4,6000,6/6/2023,Corporate Sales,
CUST0263,Male,North,,Smartphone,Electronics,800,2,1600,1/9/2023,Corporate Sales,
CUST0160,Male,South,69,Monitor,Electronics,300,2,600,7/29/2023,Marketplace,
CUST0250,Female,North,64,Smartphone,Electronics,800,2,1600,8/5/2023,Online,
CUST0038,Male,North,57,Keyboard,Accessories,50,3,150,2/21/2023,Corporate Sales,
CUST0048,Male,North,34,Monitor,Electronics,300,2,600,5/5/2023,Marketplace,
CUST0183,Female,West,42,Monitor,Electronics,300,3,900,1/16/2023,Retail Store,
CUST0240,Female,,39,Headphones,Accessories,100,1,100,6/26/2023,Corporate Sales,
CUST0155,Male,North,41,Smartwatch,Wearables,200,1,200,4/20/2023,Retail Store,
CUST0185,Male,North,29,Laptop,Electronics,1500,5,7500,10/30/2023,Marketplace,
CUST0229,Female,North,,Headphones,Accessories,100,4,400,9/4/2023,Marketplace,
CUST0229,Male,North,45,Mouse,Accessories,30,3,90,2/18/2023,Marketplace,
CUST0139,Male,North,57,Mouse,Accessories,30,5,150,1/7/2023,Marketplace,
CUST0009,Male,West,50,Headphones,Accessories,100,2,200,10/8/2023,Marketplace,
CUST0095,Male,West,60,Keyboard,Accessories,50,5,250,12/19/2023,Online,
CUST0001,Female,East,38,Keyboard,Accessories,50,3,150,4/10/2023,Retail Store,
CUST0200,Male,East,68,Laptop,Electronics,1500,3,4500,6/1/2023,Online,
CUST0086,Male,West,26,Smartwatch,Wearables,200,5,1000,7/3/2023,Retail Store,
CUST0193,Female,North,64,Monitor,Electronics,300,3,900,10/15/2023,Corporate Sales,
CUST0193,Female,East,64,Headphones,Accessories,100,4,400,6/10/2023,Corporate Sales,
CUST0044,Female,East,30,Monitor,Electronics,300,4,1200,9/3/2023,Retail Store,
CUST0187,Male,East,25,Laptop,Electronics,1500,5,7500,3/4/2023,Corporate Sales,
CUST0006,Female,East,52,Headphones,Accessories,100,2,200,1/24/2023,Corporate Sales,
CUST0021,Male,North,43,Mouse,Accessories,30,4,120,9/24/2023,Corporate Sales,
CUST0271,Female,South,46,Headphones,Accessories,100,2,200,6/20/2023,Online,
CUST0160,Male,East,69,Laptop,Electronics,1500,4,6000,11/15/2023,Online,
CUST0095,Female,East,,Laptop,Electronics,1500,5,7500,4/28/2023,Marketplace,
CUST0025,Female,East,56,Monitor,Electronics,300,3,900,5/22/2023,Retail Store,
CUST0188,Male,West,29,Keyboard,Accessories,50,3,150,4/2/2023,Corporate Sales,
CUST0238,Female,West,,Mouse,Accessories,30,2,60,11/15/2023,Retail Store,
CUST0180,Male,North,,Laptop,Electronics,1500,2,3000,10/5/2023,Marketplace,
CUST0011,Female,North,54,Smartphone,Electronics,800,5,4000,8/22/2023,Marketplace,
CUST0264,Male,West,59,Keyboard,Accessories,50,2,100,7/16/2023,Corporate Sales,
CUST0156,Male,East,57,Smartwatch,Wearables,200,5,1000,1/27/2023,Marketplace,
CUST0044,Male,West,30,Headphones,Accessories,100,1,100,9/6/2023,Corporate Sales,
CUST0202,Male,East,56,Smartphone,Electronics,800,5,4000,5/6/2023,Marketplace,
CUST0171,Male,East,21,Headphones,Accessories,100,5,500,1/14/2023,Marketplace,
CUST0109,Female,,57,Laptop,Electronics,1500,4,6000,4/28/2023,Corporate Sales,
CUST0213,Female,North,45,Monitor,Electronics,300,4,1200,1/2/2023,Marketplace,
CUST0261,Male,North,,Mouse,Accessories,30,3,90,11/9/2023,Marketplace,
CUST0030,Female,East,44,Smartphone,Electronics,800,5,4000,7/3/2023,Marketplace,
CUST0145,Male,North,51,Headphones,Accessories,100,4,400,1/14/2023,Retail Store,
CUST0044,Male,,30,Smartphone,Electronics,800,1,800,2/23/2023,Online,
CUST0199,Male,North,41,Monitor,Electronics,300,1,300,6/11/2023,Retail Store,
CUST0111,Female,West,19,Monitor,Electronics,300,3,900,5/16/2023,Marketplace,
CUST0124,Male,South,53,Smartphone,Electronics,800,1,800,3/16/2023,Online,
CUST0299,Male,West,58,Smartphone,Electronics,800,5,4000,1/3/2023,Retail Store,
CUST0241,Female,,27,Keyboard,Accessories,50,2,100,6/2/2023,Retail Store,
CUST0010,Male,South,37,Smartwatch,Wearables,200,2,400,6/6/2023,Retail Store,
CUST0293,Female,East,32,Laptop,Electronics,1500,5,7500,10/28/2023,Corporate Sales,
CUST0225,Male,West,65,Monitor,Electronics,300,4,1200,1/31/2023,Marketplace,
CUST0197,Male,North,54,Laptop,Electronics,1500,4,6000,4/28/2023,Marketplace,
CUST0035,Female,West,20,Mouse,Accessories,30,4,120,7/22/2023,Online,
CUST0280,Male,,44,Keyboard,Accessories,50,1,50,6/12/2023,Retail Store,
CUST0129,Male,South,66,Laptop,Electronics,1500,4,6000,3/20/2023,Marketplace,
CUST0144,Female,,54,Laptop,Electronics,1500,4,6000,4/14/2023,Retail Store,
CUST0174,Male,North,68,Mouse,Accessories,30,2,60,5/4/2023,Marketplace,
CUST0219,Female,South,48,Keyboard,Accessories,50,5,250,9/28/2023,Retail Store,
CUST0198,Male,South,56,Monitor,Electronics,300,2,600,8/1/2023,Marketplace,
CUST0139,Male,North,57,Monitor,Electronics,300,1,300,9/26/2023,Online,
CUST0149,Male,West,40,Mouse,Accessories,30,5,150,11/14/2023,Retail Store,
CUST0031,Male,North,67,Laptop,Electronics,1500,4,6000,11/1/2023,Marketplace,
CUST0036,Female,South,33,Headphones,Accessories,100,5,500,6/30/2023,Online,
CUST0029,Female,West,66,Laptop,Electronics,1500,2,3000,10/10/2023,Online,
CUST0071,Male,West,46,Monitor,Electronics,300,3,900,9/19/2023,Marketplace,
CUST0108,Female,East,,Monitor,Electronics,300,1,300,1/3/2024,Retail Store,
CUST0251,Male,East,42,Laptop,Electronics,1500,2,3000,1/9/2023,Corporate Sales,
CUST0142,Male,North,32,Laptop,Electronics,1500,1,1500,8/11/2023,Online,
CUST0025,Male,West,56,Monitor,Electronics,300,1,300,7/25/2023,Online,
CUST0031,Female,South,67,Smartwatch,Wearables,200,1,200,9/30/2023,Marketplace,
CUST0159,Male,North,,Headphones,Accessories,100,2,200,10/26/2023,Corporate Sales,
CUST0094,Male,South,30,Headphones,Accessories,100,4,400,12/22/2023,Corporate Sales,
CUST0072,Male,East,21,Headphones,Accessories,100,4,400,9/13/2023,Corporate Sales,
CUST0078,Female,South,38,Keyboard,Accessories,50,4,200,12/26/2023,Marketplace,
CUST0105,Male,West,27,Laptop,Electronics,1500,2,3000,9/6/2023,Retail Store,
CUST0152,Male,North,69,Monitor,Electronics,300,5,1500,11/14/2023,Online,
CUST0160,Female,West,69,Smartphone,Electronics,800,3,2400,4/25/2023,Marketplace,
CUST0248,Female,South,67,Laptop,Electronics,1500,1,1500,7/26/2023,Corporate Sales,
CUST0133,Male,West,47,Smartwatch,Wearables,200,3,600,6/15/2023,Online,
CUST0260,Male,West,32,Monitor,Electronics,300,3,900,5/22/2023,Online,
CUST0051,Female,West,41,Laptop,Electronics,1500,3,4500,12/7/2023,Corporate Sales,
CUST0177,Female,East,29,Mouse,Accessories,30,1,30,2/28/2023,Corporate Sales,
CUST0004,Male,North,65,Monitor,Electronics,300,4,1200,1/3/2024,Online,
CUST0195,Female,East,48,Smartwatch,Wearables,200,5,1000,5/4/2023,Online,
CUST0122,Male,East,68,Laptop,Electronics,1500,1,1500,8/27/2023,Retail Store,
CUST0058,Female,North,42,Mouse,Accessories,30,5,150,11/14/2023,Retail Store,
CUST0039,Male,,60,Laptop,Electronics,1500,1,1500,9/6/2023,Marketplace,
CUST0066,Female,North,37,Smartphone,Electronics,800,1,800,1/3/2023,Online,
CUST0204,Female,South,54,Laptop,Electronics,1500,4,6000,2/20/2023,Retail Store,
CUST0208,Female,South,57,Monitor,Electronics,300,1,300,4/13/2023,Online,
CUST0196,Female,East,37,Keyboard,Accessories,50,4,200,1/5/2023,Corporate Sales,
CUST0250,Female,North,64,Laptop,Electronics,1500,1,1500,5/22/2023,Retail Store,
CUST0227,Male,South,54,Smartwatch,Wearables,200,3,600,8/10/2023,Corporate Sales,
CUST0107,Male,West,67,Laptop,Electronics,1500,4,6000,6/11/2023,Corporate Sales,
CUST0177,Female,East,29,Smartwatch,Wearables,200,4,800,2/25/2023,Corporate Sales,
CUST0174,Female,South,68,Headphones,Accessories,100,2,200,6/5/2023,Marketplace,
CUST0066,Male,West,37,Mouse,Accessories,30,3,90,10/17/2023,Corporate Sales,
CUST0117,Male,North,22,Mouse,Accessories,30,5,150,1/25/2023,Marketplace,
CUST0008,Male,,18,Monitor,Electronics,300,2,600,1/10/2023,Online,
CUST0010,Female,West,,Laptop,Electronics,1500,3,4500,12/27/2023,Online,
CUST0107,Male,South,,Keyboard,Accessories,50,5,250,11/3/2023,Retail Store,
CUST0271,Male,West,,Smartwatch,Wearables,200,2,400,4/10/2023,Retail Store,
CUST0149,Male,North,40,Smartwatch,Wearables,200,4,800,12/27/2023,Marketplace,
CUST0173,Male,South,65,Laptop,Electronics,1500,3,4500,12/22/2023,Online,
CUST0042,Female,East,57,Smartphone,Electronics,800,2,1600,11/8/2023,Retail Store,
CUST0106,Female,South,50,Headphones,Accessories,100,3,300,12/7/2023,Retail Store,
CUST0235,Male,West,19,Monitor,Electronics,300,1,300,3/6/2023,Retail Store,
CUST0220,Male,South,,Mouse,Accessories,30,1,30,5/7/2023,Online,
CUST0264,Female,South,,Mouse,Accessories,30,5,150,12/7/2023,Retail Store,
CUST0020,Female,South,55,Smartphone,Electronics,800,4,3200,9/13/2023,Online,
CUST0139,Female,,57,Smartphone,Electronics,800,3,2400,12/31/2023,Corporate Sales,
CUST0022,Female,South,33,Keyboard,Accessories,50,2,100,4/20/2023,Corporate Sales,
CUST0101,Female,North,53,Monitor,Electronics,300,4,1200,3/31/2023,Corporate Sales,
CUST0271,Male,East,46,Monitor,Electronics,300,4,1200,11/20/2023,Marketplace,
CUST0197,Female,West,54,Mouse,Accessories,30,3,90,12/9/2023,Online,
CUST0135,Male,West,41,Smartwatch,Wearables,200,1,200,6/6/2023,Retail Store,
CUST0174,Male,West,68,Mouse,Accessories,30,5,150,12/12/2023,Marketplace,
CUST0139,Male,West,57,Laptop,Electronics,1500,5,7500,7/30/2023,Marketplace,
CUST0058,Male,West,42,Headphones,Accessories,100,5,500,10/24/2023,Corporate Sales,
CUST0152,Male,East,69,Smartwatch,Wearables,200,5,1000,10/25/2023,Online,
CUST0231,Male,South,,Keyboard,Accessories,50,2,100,7/13/2023,Retail Store,
CUST0288,Male,North,,Keyboard,Accessories,50,3,150,5/28/2023,Marketplace,
CUST0296,Male,South,50,Monitor,Electronics,300,5,1500,1/3/2024,Retail Store,
CUST0155,Female,East,41,Monitor,Electronics,300,1,300,10/11/2023,Corporate Sales,
CUST0128,Female,South,,Monitor,Electronics,300,3,900,2/28/2023,Online,
CUST0178,Male,North,44,Smartwatch,Wearables,200,3,600,4/18/2023,Retail Store,
CUST0298,Male,South,58,Smartphone,Electronics,800,2,1600,11/11/2023,Retail Store,
CUST0064,Male,West,61,Laptop,Electronics,3109.560612,1,1500,9/1/2023,Marketplace,
CUST0091,Female,West,30,Mouse,Accessories,30,3,90,8/14/2023,Retail Store,
CUST0113,Female,East,38,Laptop,Electronics,1500,3,4500,2/3/2023,Online,
CUST0087,Female,,49,Mouse,Accessories,30,2,60,2/5/2023,Online,
CUST0087,Male,South,49,Monitor,Electronics,300,3,900,1/20/2023,Retail Store,
CUST0255,Male,West,,Smartphone,Electronics,800,3,2400,2/18/2023,Marketplace,
CUST0044,Female,South,30,Monitor,Electronics,300,1,300,7/29/2023,Marketplace,
CUST0133,Female,East,47,Laptop,Electronics,1500,3,4500,7/25/2023,Corporate Sales,
CUST0122,Male,East,68,Monitor,Electronics,300,3,900,12/16/2023,Online,
CUST0220,Male,West,67,Laptop,Electronics,1500,2,3000,3/30/2023,Corporate Sales,
CUST0182,Male,East,19,Headphones,Accessories,100,2,200,1/22/2023,Marketplace,
CUST0081,Male,North,38,Monitor,Electronics,300,2,600,1/19/2023,Corporate Sales,
CUST0224,Male,South,57,Smartwatch,Wearables,200,4,800,12/13/2023,Marketplace,
CUST0070,Male,South,23,Smartphone,Electronics,800,1,800,7/6/2023,Corporate Sales,
CUST0263,Female,West,40,Monitor,Electronics,300,1,300,7/22/2023,Corporate Sales,
CUST0052,Female,North,66,Keyboard,Accessories,50,4,200,6/6/2023,Online,
CUST0253,Male,North,51,Monitor,Electronics,300,5,1500,8/3/2023,Online,
CUST0095,Male,North,60,Monitor,Electronics,300,2,600,1/12/2023,Corporate Sales,
CUST0031,Male,East,67,Keyboard,Accessories,50,1,50,7/29/2023,Marketplace,
CUST0128,Male,,52,Smartphone,Electronics,800,4,3200,8/20/2023,Marketplace,
CUST0077,Male,West,50,Mouse,Accessories,30,4,120,3/9/2023,Online,
CUST0073,Male,South,19,Smartwatch,Wearables,200,3,600,11/18/2023,Online,
CUST0173,Male,West,65,Mouse,Accessories,30,5,150,8/31/2023,Retail Store,
CUST0218,Female,East,36,Monitor,Electronics,300,4,1200,8/17/2023,Online,
CUST0274,Male,South,51,Keyboard,Accessories,50,5,250,8/7/2023,Marketplace,
CUST0034,Female,East,65,Keyboard,Accessories,50,3,150,11/17/2023,Online,
CUST0285,Female,South,58,Monitor,Electronics,300,4,1200,3/31/2023,Retail Store,
CUST0117,Female,South,22,Headphones,Accessories,100,3,300,7/20/2023,Corporate Sales,
CUST0208,Male,North,57,Mouse,Accessories,30,4,120,6/12/2023,Corporate Sales,
CUST0107,Female,South,67,Headphones,Accessories,100,5,500,6/8/2023,Marketplace,
CUST0145,Male,North,,Headphones,Accessories,100,4,400,12/8/2023,Retail Store,
CUST0232,Female,,44,Laptop,Electronics,1500,5,7500,11/7/2023,Corporate Sales,
CUST0039,Male,East,60,Smartwatch,Wearables,200,1,200,12/2/2023,Corporate Sales,
CUST0195,Female,West,48,Keyboard,Accessories,50,3,150,10/31/2023,Online,
CUST0185,Female,South,29,Monitor,Electronics,300,5,1500,9/6/2023,Corporate Sales,
CUST0281,Female,South,,Keyboard,Accessories,50,3,150,3/5/2023,Marketplace,
CUST0061,Female,South,35,Smartphone,Electronics,800,1,800,5/7/2023,Corporate Sales,
CUST0232,Male,East,44,Mouse,Accessories,30,3,90,10/20/2023,Marketplace,
CUST0013,Female,South,55,Smartwatch,Wearables,200,4,800,3/16/2023,Marketplace,
CUST0058,Female,West,42,Keyboard,Accessories,50,1,50,7/13/2023,Online,
CUST0159,Female,North,18,Laptop,Electronics,1500,1,1500,1/21/2023,Retail Store,
CUST0236,Male,West,18,Laptop,Electronics,1500,3,4500,8/19/2023,Marketplace,
CUST0281,Female,North,44,Monitor,Electronics,300,2,600,9/30/2023,Corporate Sales,
CUST0213,Female,South,,Smartwatch,Wearables,200,5,1000,10/31/2023,Corporate Sales,
CUST0286,Male,West,63,Keyboard,Accessories,50,2,100,3/21/2023,Marketplace,
CUST0136,Female,East,36,Keyboard,Accessories,50,4,200,7/9/2023,Corporate Sales,
CUST0228,Male,West,25,Keyboard,Accessories,50,1,50,12/7/2023,Online,
CUST0124,Female,North,,Headphones,Accessories,100,5,500,6/2/2023,Corporate Sales,
CUST0201,Male,West,49,Smartphone,Electronics,800,1,800,5/30/2023,Online,
CUST0038,Male,,57,Smartphone,Electronics,800,2,1600,6/1/2023,Marketplace,
CUST0276,Female,South,66,Laptop,Electronics,1500,3,4500,12/1/2023,Marketplace,
CUST0201,Female,North,49,Smartwatch,Wearables,200,3,600,10/23/2023,Marketplace,
CUST0104,Female,East,40,Keyboard,Accessories,50,4,200,6/17/2023,Online,
CUST0101,Female,East,53,Smartwatch,Wearables,200,4,800,11/5/2023,Corporate Sales,
CUST0138,Female,West,46,Laptop,Electronics,3109.560612,2,3000,12/8/2023,Online,
CUST0035,Female,South,20,Keyboard,Accessories,50,3,150,9/16/2023,Corporate Sales,
CUST0273,Female,South,55,Mouse,Accessories,30,3,90,9/9/2023,Corporate Sales,
CUST0228,Female,West,25,Smartphone,Electronics,800,1,800,3/9/2023,Online,
CUST0191,Female,,41,Laptop,Electronics,1500,4,6000,8/1/2023,Retail Store,
CUST0087,Female,North,,Headphones,Accessories,100,2,200,5/8/2023,Marketplace,
CUST0070,Female,West,23,Laptop,Electronics,1500,5,7500,12/21/2023,Corporate Sales,
CUST0088,Male,West,66,Monitor,Electronics,300,1,300,12/8/2023,Corporate Sales,
CUST0287,Female,South,60,Smartphone,Electronics,800,4,3200,6/29/2023,Online,
CUST0116,Male,South,20,Monitor,Electronics,300,2,600,9/24/2023,Retail Store,
CUST0037,Female,West,51,Smartphone,Electronics,800,3,2400,5/22/2023,Marketplace,
CUST0215,Female,East,35,Mouse,Accessories,30,3,90,7/29/2023,Retail Store,
CUST0104,Male,West,40,Keyboard,Accessories,50,4,200,10/19/2023,Marketplace,
CUST0197,Male,North,54,Smartphone,Electronics,800,5,4000,9/2/2023,Corporate Sales,
CUST0298,Female,East,58,Mouse,Accessories,30,4,120,6/21/2023,Corporate Sales,
CUST0079,Male,South,26,Keyboard,Accessories,50,2,100,6/13/2023,Online,
CUST0021,Female,East,43,Smartwatch,Wearables,200,1,200,12/28/2023,Online,
CUST0162,Male,East,69,Laptop,Electronics,1500,3,4500,7/6/2023,Retail Store,
CUST0090,Male,West,61,Laptop,Electronics,1500,4,6000,6/13/2023,Retail Store,
CUST0064,Female,West,61,Headphones,Accessories,100,1,100,3/20/2023,Marketplace,
CUST0148,Female,North,67,Mouse,Accessories,30,4,120,2/20/2023,Online,
CUST0081,Female,West,38,Monitor,Electronics,300,4,1200,8/27/2023,Corporate Sales,
CUST0160,Male,North,69,Keyboard,Accessories,50,5,250,2/3/2023,Online,
CUST0080,Male,West,51,Smartphone,Electronics,800,5,4000,9/27/2023,Retail Store,
CUST0091,Male,South,30,Headphones,Accessories,100,2,200,3/18/2023,Online,
CUST0112,Male,East,33,Laptop,Electronics,1500,2,3000,1/17/2023,Corporate Sales,
CUST0030,Female,West,44,Headphones,Accessories,100,4,400,5/11/2023,Online,
CUST0276,Male,South,66,Keyboard,Accessories,50,2,100,3/10/2023,Retail Store,
CUST0034,Female,West,65,Keyboard,Accessories,50,1,50,6/27/2023,Corporate Sales,
CUST0271,Female,North,46,Mouse,Accessories,30,4,120,11/7/2023,Marketplace,
CUST0034,Male,North,65,Laptop,Electronics,1500,5,7500,4/8/2023,Marketplace,
CUST0122,Male,North,68,Laptop,Electronics,1500,2,3000,10/27/2023,Corporate Sales,
CUST0223,Female,East,20,Laptop,Electronics,1500,5,7500,2/1/2023,Corporate Sales,
CUST0052,Male,North,66,Smartphone,Electronics,800,4,3200,5/27/2023,Corporate Sales,
CUST0176,Male,South,,Keyboard,Accessories,50,4,200,10/1/2023,Retail Store,
CUST0276,Male,West,66,Smartphone,Electronics,800,3,2400,5/5/2023,Corporate Sales,
CUST0185,Female,West,29,Keyboard,Accessories,50,4,200,12/22/2023,Retail Store,
CUST0253,Female,East,51,Headphones,Accessories,100,2,200,6/13/2023,Corporate Sales,
CUST0055,Male,East,45,Smartwatch,Wearables,200,4,800,1/11/2023,Retail Store,
CUST0229,Female,North,,Monitor,Electronics,300,1,300,2/7/2023,Retail Store,
CUST0149,Female,,40,Headphones,Accessories,100,2,200,7/14/2023,Online,
CUST0028,Male,East,50,Mouse,Accessories,30,5,150,4/7/2023,Marketplace,
CUST0011,Male,South,54,Headphones,Accessories,100,1,100,12/18/2023,Corporate Sales,
CUST0259,Male,West,59,Mouse,Accessories,30,2,60,11/17/2023,Marketplace,
CUST0296,Female,West,50,Monitor,Electronics,300,1,300,12/26/2023,Marketplace,
CUST0101,Male,East,53,Headphones,Accessories,100,3,300,12/4/2023,Online,
CUST0288,Male,West,55,Laptop,Electronics,1500,2,3000,6/8/2023,Marketplace,
CUST0206,Female,,43,Keyboard,Accessories,50,4,200,8/14/2023,Marketplace,
CUST0179,Male,North,45,Monitor,Electronics,300,4,1200,11/13/2023,Corporate Sales,
CUST0293,Male,West,32,Monitor,Electronics,300,2,600,10/17/2023,Retail Store,
CUST0120,Female,North,35,Headphones,Accessories,100,4,400,7/23/2023,Corporate Sales,
CUST0112,Male,West,33,Smartphone,Electronics,800,5,4000,6/15/2023,Corporate Sales,
CUST0218,Female,East,36,Mouse,Accessories,30,5,150,7/18/2023,Marketplace,
CUST0018,Female,South,38,Keyboard,Accessories,50,5,250,5/12/2023,Marketplace,
CUST0193,Male,North,64,Laptop,Electronics,1500,4,6000,2/19/2023,Corporate Sales,
CUST0088,Male,West,66,Laptop,Electronics,1500,4,6000,10/17/2023,Corporate Sales,
CUST0116,Male,South,20,Mouse,Accessories,30,3,90,9/30/2023,Marketplace,
CUST0152,Female,West,69,Keyboard,Accessories,50,4,200,5/20/2023,Retail Store,
CUST0290,Female,East,37,Smartwatch,Wearables,200,4,800,4/27/2023,Retail Store,
CUST0293,Male,South,32,Monitor,Electronics,300,2,600,3/27/2023,Corporate Sales,
CUST0080,Male,South,51,Monitor,Electronics,300,5,1500,7/31/2023,Retail Store,
CUST0134,Female,North,58,Keyboard,Accessories,50,4,200,2/11/2023,Corporate Sales,
CUST0010,Female,East,37,Smartphone,Electronics,800,5,4000,1/4/2023,Online,
CUST0252,Male,South,55,Smartwatch,Wearables,200,3,600,8/30/2023,Marketplace,
CUST0211,Female,West,35,Monitor,Electronics,300,5,1500,3/6/2023,Corporate Sales,
CUST0095,Female,South,60,Monitor,Electronics,300,3,900,2/26/2023,Corporate Sales,
CUST0226,Male,North,43,Smartphone,Electronics,800,4,3200,2/25/2023,Corporate Sales,
CUST0238,Female,North,26,Smartwatch,Wearables,200,4,800,1/3/2023,Retail Store,
CUST0274,Male,West,51,Monitor,Electronics,300,4,1200,12/28/2023,Corporate Sales,
CUST0225,Male,South,65,Keyboard,Accessories,50,3,150,11/18/2023,Online,
CUST0233,Male,West,24,Smartwatch,Wearables,200,3,600,3/11/2023,Retail Store,
CUST0208,Male,North,57,Headphones,Accessories,100,4,400,9/19/2023,Marketplace,
CUST0006,Male,South,52,Smartwatch,Wearables,200,5,1000,5/15/2023,Online,
CUST0181,Male,North,59,Monitor,Electronics,300,4,1200,10/23/2023,Corporate Sales,
CUST0126,Male,West,66,Smartwatch,Wearables,200,5,1000,3/7/2023,Online,
CUST0118,Male,East,23,Keyboard,Accessories,50,1,50,1/16/2023,Corporate Sales,
CUST0007,Female,North,52,Smartwatch,Wearables,200,3,600,4/10/2023,Online,
CUST0263,Female,South,,Headphones,Accessories,100,3,300,9/13/2023,Retail Store,
CUST0256,Male,East,,Laptop,Electronics,1500,3,4500,9/26/2023,Corporate Sales,
CUST0172,Female,East,56,Mouse,Accessories,30,4,120,11/23/2023,Retail Store,
CUST0114,Male,South,,Smartphone,Electronics,800,3,2400,8/12/2023,Online,
CUST0198,Male,West,,Smartphone,Electronics,800,5,4000,12/13/2023,Corporate Sales,
CUST0234,Female,South,44,Smartwatch,Wearables,200,1,200,7/8/2023,Marketplace,
CUST0182,Female,North,19,Keyboard,Accessories,50,3,150,7/25/2023,Marketplace,
CUST0104,Male,,40,Smartwatch,Wearables,200,1,200,7/8/2023,Corporate Sales,
CUST0232,Male,West,44,Headphones,Accessories,100,1,100,7/28/2023,Online,
CUST0160,Male,West,69,Laptop,Electronics,1500,1,1500,9/19/2023,Marketplace,
CUST0105,Female,South,27,Smartwatch,Wearables,200,2,400,1/18/2023,Corporate Sales,
CUST0065,Female,West,41,Smartwatch,Wearables,200,5,1000,1/6/2023,Marketplace,
CUST0220,Female,North,,Mouse,Accessories,30,4,120,7/9/2023,Corporate Sales,
CUST0150,Male,West,63,Mouse,Accessories,62.19121225,5,150,7/1/2023,Online,
CUST0300,Male,East,66,Smartwatch,Wearables,200,4,800,10/15/2023,Online,
CUST0066,Female,North,37,Monitor,Electronics,300,3,900,1/3/2024,Retail Store,
CUST0255,Male,South,39,Laptop,Electronics,1500,2,3000,11/16/2023,Marketplace,
CUST0154,Female,North,31,Monitor,Electronics,300,2,600,8/19/2023,Retail Store,
CUST0112,Female,West,33,Smartphone,Electronics,800,2,1600,12/8/2023,Online,
CUST0130,Male,East,68,Headphones,Accessories,100,4,400,12/9/2023,Corporate Sales,
CUST0061,Female,South,35,Monitor,Electronics,300,1,300,10/25/2023,Online,
CUST0046,Male,East,22,Laptop,Electronics,1500,2,3000,12/16/2023,Online,
CUST0200,Female,North,68,Laptop,Electronics,1500,1,1500,8/6/2023,Corporate Sales,
CUST0001,Male,East,38,Laptop,Electronics,1500,4,6000,4/26/2023,Retail Store,
CUST0101,Female,West,53,Smartphone,Electronics,800,4,3200,6/27/2023,Marketplace,
CUST0113,Female,West,38,Keyboard,Accessories,50,4,200,1/26/2023,Online,
CUST0076,Male,South,26,Mouse,Accessories,30,1,30,10/26/2023,Online,
CUST0120,Male,North,35,Keyboard,Accessories,50,3,150,1/30/2023,Marketplace,
CUST0265,Female,North,38,Keyboard,Accessories,50,4,200,5/29/2023,Online,
CUST0214,Female,South,45,Monitor,Electronics,300,2,600,10/2/2023,Marketplace,
CUST0058,Male,North,42,Monitor,Electronics,300,4,1200,6/6/2023,Marketplace,
CUST0288,Male,North,,Smartwatch,Wearables,200,2,400,1/31/2023,Marketplace,
CUST0210,Male,South,30,Monitor,Electronics,300,1,300,12/31/2023,Corporate Sales,
CUST0116,Male,South,20,Mouse,Accessories,30,1,30,1/5/2023,Retail Store,
CUST0059,Female,South,18,Laptop,Electronics,1500,2,3000,6/10/2023,Retail Store,
CUST0239,Female,South,35,Smartphone,Electronics,800,4,3200,5/26/2023,Corporate Sales,
CUST0099,Male,West,,Smartwatch,Wearables,200,1,200,10/6/2023,Retail Store,
CUST0018,Female,South,38,Monitor,Electronics,300,2,600,4/16/2023,Retail Store,
CUST0028,Male,West,50,Keyboard,Accessories,50,4,200,1/17/2023,Retail Store,
CUST0159,Male,South,18,Laptop,Electronics,1500,3,4500,3/22/2023,Online,
CUST0053,Female,South,25,Smartwatch,Wearables,200,1,200,11/20/2023,Corporate Sales,
CUST0015,Male,North,58,Laptop,Electronics,1500,5,7500,7/21/2023,Retail Store,
CUST0045,Male,East,21,Headphones,Accessories,100,4,400,7/26/2023,Corporate Sales,
CUST0156,Male,West,57,Laptop,Electronics,1500,5,7500,5/18/2023,Retail Store,
CUST0238,Male,East,26,Monitor,Electronics,621.9121225,2,600,1/3/2024,Retail Store,
CUST0116,Male,West,20,Monitor,Electronics,300,2,600,8/12/2023,Corporate Sales,
CUST0239,Female,East,35,Mouse,Accessories,30,5,150,8/16/2023,Marketplace,
CUST0268,Female,South,21,Mouse,Accessories,30,3,90,8/11/2023,Corporate Sales,
CUST0086,Male,West,26,Monitor,Electronics,300,2,600,1/2/2023,Marketplace,
CUST0087,Female,North,49,Laptop,Electronics,1500,2,3000,7/28/2023,Online,
CUST0077,Female,North,,Monitor,Electronics,621.9121225,3,900,4/27/2023,Corporate Sales,
CUST0122,Male,East,68,Keyboard,Accessories,50,2,100,8/16/2023,Marketplace,
CUST0242,Male,South,58,Smartwatch,Wearables,200,5,1000,10/22/2023,Retail Store,
CUST0079,Female,North,26,Laptop,Electronics,1500,4,6000,8/24/2023,Online,
CUST0216,Male,East,53,Mouse,Accessories,30,2,60,10/27/2023,Corporate Sales,
CUST0016,Female,West,,Keyboard,Accessories,50,3,150,11/26/2023,Marketplace,
CUST0196,Male,South,37,Smartwatch,Wearables,200,2,400,2/17/2023,Marketplace,
CUST0148,Male,South,67,Monitor,Electronics,300,3,900,11/9/2023,Corporate Sales,
CUST0295,Female,West,26,Mouse,Accessories,30,1,30,6/10/2023,Marketplace,
CUST0048,Male,East,34,Smartwatch,Wearables,200,3,600,4/13/2023,Corporate Sales,
CUST0115,Female,South,53,Mouse,Accessories,30,3,90,4/25/2023,Marketplace,
CUST0264,Female,East,,Smartphone,Electronics,800,4,3200,3/3/2023,Retail Store,
CUST0216,Male,South,53,Monitor,Electronics,300,3,900,3/14/2023,Corporate Sales,
CUST0029,Male,South,66,Monitor,Electronics,300,1,300,4/3/2023,Corporate Sales,
CUST0180,Male,South,68,Keyboard,Accessories,50,1,50,4/2/2023,Online,
CUST0184,Female,East,54,Smartphone,Electronics,800,5,4000,7/8/2023,Retail Store,
CUST0290,Male,,37,Headphones,Accessories,100,5,500,4/20/2023,Corporate Sales,
CUST0228,Female,East,25,Smartwatch,Wearables,200,2,400,10/19/2023,Marketplace,
CUST0243,Male,West,58,Monitor,Electronics,300,4,1200,5/14/2023,Marketplace,
CUST0242,Female,North,58,Smartwatch,Wearables,200,3,600,9/29/2023,Marketplace,
CUST0142,Male,South,32,Laptop,Electronics,1500,1,1500,12/26/2023,Online,
CUST0131,Male,East,67,Mouse,Accessories,30,1,30,6/8/2023,Corporate Sales,
CUST0126,Male,North,66,Keyboard,Accessories,50,4,200,6/3/2023,Marketplace,
CUST0265,Male,West,38,Headphones,Accessories,100,3,300,11/30/2023,Online,
CUST0003,Male,North,63,Mouse,Accessories,30,3,90,2/14/2023,Online,
CUST0212,Male,West,62,Keyboard,Accessories,50,2,100,7/2/2023,Corporate Sales,
CUST0106,Female,West,50,Smartphone,Electronics,800,1,800,6/13/2023,Marketplace,
CUST0118,Male,West,23,Monitor,Electronics,300,4,1200,3/28/2023,Retail Store,
CUST0126,Male,East,66,Headphones,Accessories,100,5,500,12/24/2023,Marketplace,
CUST0292,Male,South,21,Mouse,Accessories,30,4,120,5/24/2023,Retail Store,
CUST0291,Female,South,49,Monitor,Electronics,300,3,900,5/21/2023,Retail Store,
CUST0085,Female,North,18,Keyboard,Accessories,50,5,250,1/5/2023,Marketplace,
CUST0166,Female,West,29,Mouse,Accessories,30,4,120,11/19/2023,Retail Store,
CUST0040,Female,East,,Keyboard,Accessories,50,5,250,8/2/2023,Online,
CUST0295,Male,North,,Monitor,Electronics,300,1,300,6/16/2023,Online,
CUST0059,Female,South,18,Mouse,Accessories,30,3,90,2/6/2023,Marketplace,
CUST0281,Female,East,44,Headphones,Accessories,100,3,300,9/28/2023,Corporate Sales,
CUST0019,Male,South,69,Smartphone,Electronics,800,4,3200,11/7/2023,Online,
CUST0004,Male,North,65,Keyboard,Accessories,50,5,250,4/4/2023,Marketplace,
CUST0279,Female,West,59,Smartphone,Electronics,800,5,4000,11/24/2023,Retail Store,
CUST0069,Female,East,66,Headphones,Accessories,100,2,200,9/19/2023,Online,
CUST0004,Male,North,65,Monitor,Electronics,300,3,900,2/14/2023,Marketplace,
CUST0060,Male,South,41,Keyboard,Accessories,50,3,150,3/13/2023,Marketplace,
CUST0154,Male,North,31,Mouse,Accessories,30,1,30,8/24/2023,Corporate Sales,
CUST0259,Male,East,59,Monitor,Electronics,300,3,900,5/1/2023,Retail Store,
CUST0203,Female,East,,Laptop,Electronics,1500,5,7500,9/23/2023,Retail Store,
CUST0241,Female,West,27,Smartphone,Electronics,800,4,3200,2/3/2023,Retail Store,
CUST0004,Female,West,65,Smartphone,Electronics,800,5,4000,12/29/2023,Marketplace,
CUST0031,Male,West,67,Smartphone,Electronics,800,3,2400,12/14/2023,Marketplace,
CUST0144,Male,West,54,Mouse,Accessories,30,4,120,2/13/2023,Retail Store,
CUST0031,Female,East,67,Mouse,Accessories,30,2,60,3/26/2023,Marketplace,
CUST0218,Male,East,36,Smartphone,Electronics,800,2,1600,8/3/2023,Corporate Sales,
CUST0234,Male,South,44,Laptop,Electronics,1500,5,7500,9/12/2023,Marketplace,
CUST0050,Female,West,40,Laptop,Electronics,1500,1,1500,7/21/2023,Marketplace,
CUST0140,Male,South,50,Mouse,Accessories,30,3,90,1/5/2023,Online,
CUST0044,Male,South,30,Smartwatch,Wearables,200,4,800,6/28/2023,Corporate Sales,
CUST0202,Male,South,56,Smartwatch,Wearables,200,3,600,1/3/2024,Online,
CUST0093,Female,North,66,Monitor,Electronics,300,5,1500,5/3/2023,Retail Store,
CUST0258,Female,West,39,Monitor,Electronics,300,1,300,7/23/2023,Retail Store,
CUST0133,Female,East,47,Smartwatch,Wearables,200,1,200,12/13/2023,Corporate Sales,
CUST0271,Male,South,46,Keyboard,Accessories,50,5,250,5/22/2023,Marketplace,
CUST0121,Female,North,66,Keyboard,Accessories,50,3,150,12/12/2023,Online,
CUST0028,Male,East,50,Monitor,Electronics,300,4,1200,1/28/2023,Corporate Sales,
CUST0125,Male,East,,Smartwatch,Wearables,200,3,600,11/28/2023,Online,
CUST0137,Female,East,19,Monitor,Electronics,300,3,900,12/2/2023,Marketplace,
CUST0240,Male,West,39,Keyboard,Accessories,50,1,50,5/29/2023,Online,
CUST0268,Male,East,21,Monitor,Electronics,300,4,1200,5/16/2023,Corporate Sales,
CUST0066,Female,South,37,Headphones,Accessories,100,3,300,8/1/2023,Marketplace,
CUST0068,Male,South,64,Mouse,Accessories,30,1,30,7/31/2023,Marketplace,
CUST0221,Male,North,,Keyboard,Accessories,50,3,150,7/11/2023,Corporate Sales,
CUST0266,Male,North,29,Laptop,Electronics,1500,2,3000,1/26/2023,Marketplace,
CUST0129,Male,South,,Smartphone,Electronics,800,5,4000,11/14/2023,Online,
CUST0113,Male,South,38,Monitor,Electronics,300,5,1500,2/26/2023,Retail Store,
CUST0240,Male,West,39,Smartphone,Electronics,800,3,2400,7/26/2023,Corporate Sales,
CUST0003,Male,South,63,Smartwatch,Wearables,200,4,800,6/7/2023,Online,
CUST0272,Female,South,52,Smartphone,Electronics,800,1,800,5/29/2023,Marketplace,
CUST0276,Male,South,66,Monitor,Electronics,300,5,1500,6/11/2023,Retail Store,
CUST0209,Male,North,63,Keyboard,Accessories,50,5,250,2/12/2023,Online,
CUST0014,Male,South,20,Monitor,Electronics,300,1,300,12/18/2023,Corporate Sales,
CUST0186,Male,South,55,Smartphone,Electronics,800,1,800,7/17/2023,Marketplace,
CUST0198,Male,East,56,Laptop,Electronics,1500,2,3000,5/20/2023,Corporate Sales,
CUST0043,Male,North,22,Keyboard,Accessories,50,4,200,1/4/2023,Online,
CUST0071,Male,East,46,Monitor,Electronics,300,1,300,12/10/2023,Retail Store,
CUST0131,Female,East,67,Smartphone,Electronics,800,3,2400,11/17/2023,Online,
CUST0131,Female,North,67,Laptop,Electronics,3109.560612,4,6000,8/26/2023,Online,
CUST0232,Female,,44,Laptop,Electronics,1500,1,1500,2/10/2023,Marketplace,
CUST0109,Male,South,57,Smartwatch,Wearables,200,3,600,1/10/2023,Corporate Sales,
CUST0189,Male,North,38,Keyboard,Accessories,50,5,250,7/19/2023,Online,
CUST0299,Female,South,58,Mouse,Accessories,30,2,60,3/27/2023,Online,
CUST0270,Male,,64,Smartwatch,Wearables,200,5,1000,8/20/2023,Retail Store,
CUST0031,Male,West,67,Mouse,Accessories,30,3,90,7/22/2023,Retail Store,
CUST0240,Male,West,39,Mouse,Accessories,30,5,150,10/10/2023,Corporate Sales,
CUST0176,Male,West,51,Keyboard,Accessories,50,4,200,5/30/2023,Corporate Sales,
CUST0252,Female,East,55,Smartwatch,Wearables,200,5,1000,10/16/2023,Marketplace,
CUST0225,Female,East,,Mouse,Accessories,30,3,90,5/4/2023,Corporate Sales,
CUST0238,Male,West,26,Mouse,Accessories,30,2,60,11/2/2023,Retail Store,
CUST0276,Female,North,66,Headphones,Accessories,100,4,400,1/9/2023,Corporate Sales,
CUST0255,Female,West,39,Monitor,Electronics,300,1,300,2/20/2023,Online,
CUST0133,Male,East,47,Smartphone,Electronics,800,4,3200,7/31/2023,Corporate Sales,
CUST0097,Male,East,34,Smartwatch,Wearables,200,3,600,6/25/2023,Corporate Sales,
CUST0239,Male,,35,Headphones,Accessories,100,4,400,3/15/2023,Marketplace,
CUST0226,Male,West,43,Headphones,Accessories,100,2,200,10/8/2023,Online,
CUST0068,Female,North,64,Keyboard,Accessories,50,5,250,7/2/2023,Marketplace,
CUST0149,Female,East,40,Monitor,Electronics,300,4,1200,7/30/2023,Retail Store,
CUST0257,Female,,54,Mouse,Accessories,30,2,60,1/11/2023,Corporate Sales,
CUST0299,Female,North,58,Smartwatch,Wearables,200,4,800,8/3/2023,Corporate Sales,
CUST0123,Male,North,52,Smartwatch,Wearables,200,2,400,9/25/2023,Retail Store,
CUST0231,Female,North,,Laptop,Electronics,1500,5,7500,11/30/2023,Marketplace,
CUST0217,Male,South,18,Mouse,Accessories,30,3,90,10/20/2023,Online,
CUST0142,Male,East,32,Headphones,Accessories,100,5,500,1/1/2023,Marketplace,
CUST0200,Female,North,68,Smartphone,Electronics,800,4,3200,8/5/2023,Marketplace,
CUST0079,Male,West,26,Smartwatch,Wearables,200,2,400,1/4/2023,Online,
CUST0201,Female,South,49,Headphones,Accessories,100,1,100,1/5/2023,Corporate Sales,
CUST0133,Male,East,47,Laptop,Electronics,1500,1,1500,4/1/2023,Marketplace,
CUST0055,Female,North,,Mouse,Accessories,30,5,150,10/20/2023,Retail Store,
CUST0023,Female,South,29,Laptop,Electronics,1500,5,7500,1/7/2023,Online,
CUST0040,Male,,29,Smartwatch,Wearables,200,1,200,1/30/2023,Corporate Sales,
